Timestamp,Animal 1 - Initiator,Animal 1 - Behavior,Animal 2,Animal 2 - Behavior,Location,Observer name/Comments,Start/End,Outside of designated observation time,Error
2/14/2019 12:33,1,Lunge,1,"Lunge, Walk away",UL,tmm,Start,,
2/14/2019 12:33,3,Sniff*,8,Walk away,UL,,,,
2/14/2019 12:34,11,"Bite/Fighting, Chase",12,Freeze/immobility,MR,,,,
2/14/2019 12:35,11,"Bite/Fighting, Sniff*",8,"Freeze/immobility, Sniff",ML,,,,
2/14/2019 12:36,7,Sniff*,12,N/A,UR,,,,
2/14/2019 12:36,7,Sniff*,6,N/A,UL,,,,
2/14/2019 12:37,10,Sniff*,8,N/A,UL,,,,
2/14/2019 12:38,11,Sniff*,1,Sniff,UL,,,,
2/14/2019 12:39,11,Sniff*,3,"Subordinate posture, Freeze/immobility",UL,,,,
2/14/2019 12:39,12,Sniff*,9,Walk away,LL,,,,
2/14/2019 12:39,7,"Mount, Sniff*",8,"Flee, Freeze/immobility, Sniff",ML,,,,
2/14/2019 12:41,11,"Mount, Sniff*",7,"Subordinate posture, Freeze/immobility, Sniff",UL,they sniff after mounting behavior ,,,
2/14/2019 12:42,9,"Bite/Fighting, Sniff*",5,"Subordinate posture, Sniff",UL,,,,
2/14/2019 12:43,11,Bite/Fighting,7,Subordinate posture,MR,,,,
2/14/2019 12:44,11,"Approach*, Sniff*",7,Flee,ML,,,,
2/14/2019 12:45,11,"Bite/Fighting, Chase",7,Flee,ML,11 is obsessed with 7,,,
2/14/2019 12:46,11,"Chase, Mount",6,Flee,MR,,,,
2/14/2019 12:47,9,Sniff*,3,Sniff,UR,,,,
2/14/2019 12:48,11,Sniff*,8,Walk away,UL,,,,
2/14/2019 12:49,6,Sniff*,1,N/A,UL,,,,
2/14/2019 12:49,10,Mount,7,"Flee, Subordinate posture, Freeze/immobility",UR,,,,
2/14/2019 12:49,11,Bite/Fighting,10,"Bite/Fighting, Flee",UR,,,,
2/14/2019 12:50,11,Sniff*,5,Subordinate posture,UL,5 seem very sub,,,
2/14/2019 12:52,9,"Sniff*, Allogroom*",3,Sniff,NB1,animal 2 should have allogrooming too,,,
2/14/2019 12:53,7,"Flee, Subordinate posture, Approach*, Sniff*",11,"Lunge, Bite/Fighting",UL,,,,
2/14/2019 12:54,11,"Lunge, Bite/Fighting, Chase",12,"Flee, Subordinate posture",LL,,,,
2/14/2019 12:54,10,"Mount, Sniff*",7,"Subordinate posture, Freeze/immobility",UL,,,,
2/14/2019 12:55,7,Sniff*,5,Freeze/immobility,UL,,,,
2/14/2019 12:56,11,"Bite/Fighting, Chase",8,"Flee, Subordinate posture",LR,,,,
2/14/2019 12:56,11,"Lunge, Bite/Fighting, Chase",1,Flee,LR,,,,
2/14/2019 12:57,10,Mount,7,Subordinate posture,UL,,,,
2/14/2019 12:57,11,"Bite/Fighting, Approach*",1,Subordinate posture,UR,,,,
2/14/2019 12:58,11,Sniff*,6,Subordinate posture,UL,,,,
2/14/2019 12:59,11,Bite/Fighting,5,"Bite/Fighting, Subordinate posture, Freeze/immobility",NB2,,,,
2/14/2019 13:00,11,Bite/Fighting,12,"Subordinate posture, Freeze/immobility",NB1,,,,
2/14/2019 13:01,11,Bite/Fighting,3,"Flee, Subordinate posture",NB1,,,,
2/14/2019 13:01,11,"Lunge, Chase",9,Flee,LL,,,,
2/14/2019 13:01,10,"Bite/Fighting, Chase",6,"Flee, Subordinate posture",LR,,,,
2/14/2019 13:03,11,"Bite/Fighting, Chase",12,Flee,UL,,,,
2/14/2019 13:04,10,"Lunge, Bite/Fighting",8,"Bite/Fighting, Flee, Subordinate posture",LL,,,,
2/14/2019 13:04,11,"Bite/Fighting, Sniff*",10,"Bite/Fighting, Flee",LL,,,,
2/14/2019 13:04,11,Chase,1,Flee,ML,,,,
2/14/2019 13:06,10,"Bite/Fighting, Sniff*",12,"Flee, Subordinate posture, Sniff",NB4,,,,
2/14/2019 13:08,11,Bite/Fighting,1,"Subordinate posture, Freeze/immobility",NB1,,,,
2/14/2019 13:10,11,"Lunge, Chase",9,"Flee, Subordinate posture",LR,,,,
2/14/2019 13:11,7,Mount,3,Subordinate posture,UL,,,,
2/14/2019 13:11,7,Mount,8,"Flee, Freeze/immobility",UL,,,,
2/14/2019 13:11,11,Bite/Fighting,7,Flee,UR,,,,
2/14/2019 13:12,7,"Bite/Fighting, Walk away",10,Bite/Fighting,UL,i think 7 is trying to make a come back lol,,,
2/14/2019 13:13,9,Sniff*,10,"Sniff, Walk away",UL,,,,
2/14/2019 13:13,11,"Lunge, Bite/Fighting",12,"Subordinate posture, Freeze/immobility",UR,,,,
2/14/2019 13:14,11,"Bite/Fighting, Chase",3,"Flee, Subordinate posture, Freeze/immobility",LR,,,,
2/14/2019 13:14,11,Bite/Fighting,6,Subordinate posture,MR,,,,
2/14/2019 13:15,7,Sniff*,9,Sniff,UL,,,,
2/14/2019 13:15,10,"Bite/Fighting, Mount",7,"Bite/Fighting, Flee",UL,,,,
2/14/2019 13:16,10,"Bite/Fighting, Mount",3,"Flee, Freeze/immobility",UR,,,,
2/14/2019 13:16,6,Allogroom*,1,N/A,MR,,,,
2/14/2019 13:17,11,Bite/Fighting,5,"Bite/Fighting, Subordinate posture, Freeze/immobility",LR,,,,
2/14/2019 13:18,7,Sniff*,8,Walk away,UR,,,,
2/14/2019 13:19,11,"Bite/Fighting, Chase",9,"Bite/Fighting, Flee, Subordinate posture",LR,,,,
2/14/2019 13:20,7,Sniff*,9,Sniff,UL,,,,
2/14/2019 13:20,11,"Lunge, Bite/Fighting",6,"Flee, Subordinate posture",UR,,,,
2/14/2019 13:22,11,"Lunge, Bite/Fighting",12,"Subordinate posture, Freeze/immobility",NB2,,,,
2/14/2019 13:23,11,"Lunge, Bite/Fighting",3,"Bite/Fighting, Subordinate posture, Freeze/immobility",NB2,,,,
2/14/2019 13:23,11,Bite/Fighting,5,"Subordinate posture, Freeze/immobility",LR,,,,
2/14/2019 13:24,10,Mount,9,Flee,MR,,,,
2/14/2019 13:24,6,Allogroom*,7,N/A,UR,,,,
2/14/2019 13:26,7,Sniff*,5,N/A,UL,,,,
2/14/2019 13:27,6,Sniff*,5,N/A,UL,,,,
2/14/2019 13:27,11,Approach*,6,Subordinate posture,UL,,,,
2/14/2019 13:28,11,Sniff*,5,Walk away,UL,,,,
2/14/2019 13:29,6,Sniff*,7,N/A,UL,,,,
2/14/2019 13:30,1,Lunge,1,Lunge,UL,tmm,End,,
2/14/2019 15:30,1,Lunge,1,Lunge,UL,Jpb,Start,,
2/14/2019 15:35,11,Chase,12,Flee,UL,,,,
2/14/2019 15:35,10,Mount,7,N/A,UL,,,,
2/14/2019 15:36,10,Mount,12,"Subordinate posture, Freeze/immobility",UL,,,,
2/14/2019 15:40,11,Sniff*,6,Freeze/immobility,ML,,,,
2/14/2019 15:41,8,Mount,12,Freeze/immobility,UL,,,,
2/14/2019 15:44,10,Mount,12,N/A,UL,,,,
2/14/2019 15:45,11,Sniff*,9,Freeze/immobility,UL,,,,
2/14/2019 15:46,10,Mount,7,"Flee, Freeze/immobility",UL,,,,
2/14/2019 15:49,11,"Bite/Fighting, Chase",7,Flee,MR,,,,
2/14/2019 15:50,10,Mount,12,Subordinate posture,UL,,,,
2/14/2019 15:51,11,"Bite/Fighting, Chase",5,Flee,LR,,,,
2/14/2019 15:57,8,Mount,9,Walk away,UL,,,,
2/14/2019 16:01,11,"Lunge, Chase",7,Flee,MR,,,,
2/14/2019 16:01,11,"Lunge, Sniff*",6,Freeze/immobility,UL,,,,
2/14/2019 16:02,8,Mount,12,Flee,UL,,,,
2/14/2019 16:06,11,"Bite/Fighting, Sniff*",6,"Flee, Freeze/immobility",LL,,,,
2/14/2019 16:07,10,Mount,12,Freeze/immobility,UL,,,,
2/14/2019 16:12,8,Mount,12,Walk away,UL,,,,
2/14/2019 16:18,11,"Lunge, Bite/Fighting",12,"Flee, Freeze/immobility",NB1,,,,
2/14/2019 16:20,10,"Lunge, Sniff*",3,"Subordinate posture, Freeze/immobility",ML,,,,
2/14/2019 16:27,3,"Lunge, Bite/Fighting, Chase",5,"Flee, Subordinate posture",UL,,,,
2/14/2019 16:30,11,Sniff*,5,Freeze/immobility,MR,,,,
2/14/2019 16:30,1,Lunge,1,Lunge,UL,Jpb,End,,
2/15/2019 12:55,1,Lunge,1,Lunge,UL,tmm,Start,,
2/15/2019 12:58,8,"Mount, Sniff*",7,Freeze/immobility,UL,,,,
2/15/2019 12:58,6,"Sniff*, Walk away",7,Walk away,UR,,,,
2/15/2019 12:59,12,Sniff*,12,Sniff,MR,,,,
2/15/2019 13:01,8,"Lunge, Bite/Fighting, Chase",1,"Bite/Fighting, Flee, Freeze/immobility",UR,,,,
2/15/2019 13:02,6,Sniff*,5,N/A,UR,,,,
2/15/2019 13:02,8,Bite/Fighting,5,Subordinate posture,UL,,,,
2/15/2019 13:04,6,Approach*,9,Preemptive flee,LL,the last 2 days all the mice have been active no one is sleeping in any of the NBs,,,
2/15/2019 13:04,11,Chase,8,Flee,ML,,,,
2/15/2019 13:07,10,Mount,12,"Subordinate posture, Freeze/immobility",UL,,,,
2/15/2019 13:07,8,Mount,12,Subordinate posture,UL,,,,
2/15/2019 13:10,11,"Lunge, Bite/Fighting, Chase",12,"Flee, Subordinate posture, Freeze/immobility",LR,,,,
2/15/2019 13:11,7,Allogroom*,11,N/A,UR,to busy eating to care,,,
2/15/2019 13:12,8,"Bite/Fighting, Chase, Mount",10,"Flee, Freeze/immobility",MR,,,,
2/15/2019 13:14,8,Mount,9,Freeze/immobility,UL,,,,
2/15/2019 13:15,10,Sniff*,12,N/A,UR,,,,
2/15/2019 13:18,11,Sniff*,7,Subordinate posture,UR,,,,
2/15/2019 13:20,11,"Lunge, Bite/Fighting, Chase",11,"Flee, Subordinate posture",LR,,,,
2/15/2019 13:21,5,Bite/Fighting,1,Freeze/immobility,NB2,,,,
2/15/2019 13:21,11,Bite/Fighting,5,"Bite/Fighting, Subordinate posture",NB2,,,,
2/15/2019 13:24,3,"Sniff*, Walk away",7,N/A,ML,these mice are active but don't fight that much,,,
2/15/2019 13:25,10,Mount,12,Freeze/immobility,UR,,,,
2/15/2019 13:26,7,"Bite/Fighting, Mount",5,Flee,UL,,,,
2/15/2019 13:27,8,Mount,12,"Flee, Freeze/immobility",UL,,,,
2/15/2019 13:28,7,Sniff*,6,Walk away,UL,,,,
2/15/2019 13:33,11,Lunge,10,Flee,UR,,,,
2/15/2019 13:35,7,"Approach*, Allogroom*",6,N/A,UR,,,,
2/15/2019 13:42,10,Sniff*,12,Sniff,UR, These mice are nesting in UR ,,,
2/15/2019 13:43,6,Sniff*,8,N/A,UR,,,,
2/15/2019 13:44,10,"Sniff*, Walk away",1,Sniff,MR,,,,
2/15/2019 13:49,9,Sniff*,8,Sniff,UR,,,,
2/15/2019 13:51,10,Sniff*,1,"Subordinate posture, Sniff",MR,,,,
2/15/2019 13:51,3,"Bite/Fighting, Chase",1,"Flee, Subordinate posture",MR,,,,
2/15/2019 13:52,3,"Lunge, Bite/Fighting",9,Flee,LL,,,,
2/15/2019 13:53,1,"Lunge, Flee, Subordinate posture",3,"Bite/Fighting, Chase",LR,,,,
2/15/2019 13:55,1,Lunge,1,Lunge,UL,tmm,End,,
2/15/2019 13:55,1,Lunge,1,Lunge,UL,MD,Start,,
2/15/2019 13:57,3,Bite/Fighting,1,Flee,UL,,,,
2/15/2019 13:57,10,Sniff*,8,Walk away,ML,,,,
2/15/2019 13:57,10,Sniff*,3,N/A,UL,,,,
2/15/2019 13:58,10,Sniff*,8,N/A,UL,,,,
2/15/2019 13:59,3,"Chase, Sniff*",8,Flee,UL,,,,
2/15/2019 14:02,10,Sniff*,6,Walk away,UR,,,,
2/15/2019 14:03,3,Sniff*,9,Walk away,UL,,,,
2/15/2019 14:04,6,Sniff*,9,Walk away,MR,,,,
2/15/2019 14:05,3,Sniff*,9,N/A,UL,,,,
2/15/2019 14:06,3,Bite/Fighting,1,"Bite/Fighting, Flee",LR,,,,
2/15/2019 14:07,10,Sniff*,6,Walk away,LL,,,,
2/15/2019 14:07,6,Sniff*,3,Sniff,LL,,,,
2/15/2019 14:08,3,Bite/Fighting,6,Flee,LL,,,,
2/15/2019 14:09,3,Chase,12,Flee,UR,,,,
2/15/2019 14:10,10,Sniff*,12,Walk away,MR,,,,
2/15/2019 14:10,10,Mount,12,Flee,MR,,,,
2/15/2019 14:11,3,"Bite/Fighting, Chase",12,Flee,MR,,,,
2/15/2019 14:12,3,"Bite/Fighting, Chase",1,Flee,ML,,,,
2/15/2019 14:13,3,Sniff*,8,Walk away,UL,,,,
2/15/2019 14:14,8,"Chase, Sniff*",6,Flee,ML,,,,
2/15/2019 14:14,6,Sniff*,8,Walk away,ML,,,,
2/15/2019 14:15,3,Sniff*,12,N/A,UR,,,,
2/15/2019 14:15,5,Allogroom*,12,,UL,,,,
2/15/2019 14:16,3,Sniff*,6,Sniff,UL,,,,
2/15/2019 14:16,3,"Bite/Fighting, Chase",6,Flee,UL,,,,
2/15/2019 14:19,3,Sniff*,6,Walk away,UR,,,,
2/15/2019 14:21,3,Sniff*,6,Sniff,UR,,,,
2/15/2019 14:21,3,"Chase, Mount",9,Flee,UR,,,,
2/15/2019 14:21,3,Bite/Fighting,9,Subordinate posture,UL,,,,
2/15/2019 14:22,3,Chase,8,Flee,UL,,,,
2/15/2019 14:22,3,Chase,12,Flee,UL,,,,
2/15/2019 14:23,11,Bite/Fighting,10,Bite/Fighting,NB5,,,,
2/15/2019 14:24,9,"Chase, Sniff*",9,Flee,UL,,,,
2/15/2019 14:24,8,Bite/Fighting,5,Subordinate posture,UR,,,,
2/15/2019 14:25,3,"Bite/Fighting, Chase",6,Flee,UL,,,,
2/15/2019 14:26,7,Bite/Fighting,5,"Flee, Subordinate posture",UR,,,,
2/15/2019 14:26,8,Bite/Fighting,7,"Bite/Fighting, Flee",UR,,,,
2/15/2019 14:27,3,"Bite/Fighting, Chase",6,"Flee, Subordinate posture",UR,,,,
2/15/2019 14:28,3,Sniff*,10,Walk away,UR,,,,
2/15/2019 14:29,3,Bite/Fighting,8,"Flee, Subordinate posture",MR,,,,
2/15/2019 14:30,11,"Bite/Fighting, Chase",12,"Flee, Subordinate posture",NB1,,,,
2/15/2019 14:30,10,Sniff*,11,N/A,UR,,,,
2/15/2019 14:30,11,Lunge,1,Flee,LR,,,,
2/15/2019 14:31,11,Sniff*,3,Walk away,UL,,,,
2/15/2019 14:32,11,Chase,10,Flee,UR,,,,
2/15/2019 14:33,10,Sniff*,12,Walk away,UR,,,,
2/15/2019 14:33,5,Allogroom*,12,N/A,UL,,,,
2/15/2019 14:35,6,Allogroom*,12,N/A,UL,"6,8,5,12,9 have been huddled in UL for nearly entire time- weird thatbthey dont prefer nest boxes",,,
2/15/2019 14:35,3,"Bite/Fighting, Chase",8,Flee,ML,,,,
2/15/2019 14:36,8,"Lunge, Bite/Fighting, Chase",1,Flee,UL,,,,
2/15/2019 14:37,10,Mount,12,Freeze/immobility,UL,,,,
2/15/2019 14:37,8,Sniff*,7,Walk away,UL,,,,
2/15/2019 14:37,8,Mount,12,Freeze/immobility,UL,,,,
2/15/2019 14:38,8,Mount,12,Freeze/immobility,UL,,,,
2/15/2019 14:38,10,Mount,12,Freeze/immobility,UL,,,,
2/15/2019 14:39,6,Sniff*,5,N/A,UR,,,,
2/15/2019 14:39,8,Sniff*,12,N/A,UR,,,,
2/15/2019 14:40,11,Chase,6,Flee,MR,,,,
2/15/2019 14:41,8,"Bite/Fighting, Chase",1,Flee,UL,,,,
2/15/2019 14:45,3,"Lunge, Chase",1,Flee,UL,,,,
2/15/2019 14:47,11,"Bite/Fighting, Chase",1,Flee,LL,,,,
2/15/2019 14:48,11,"Lunge, Sniff*",1,Subordinate posture,LL,,,,
2/15/2019 14:49,3,"Lunge, Bite/Fighting",1,Flee,LL,,,,
2/15/2019 14:49,11,"Lunge, Bite/Fighting, Chase",8,Flee,LL,,,,
2/15/2019 14:50,11,Sniff*,6,Walk away,UR,,,,
2/15/2019 14:51,5,Sniff*,10,N/A,UR,,,,
2/15/2019 14:55,1,Lunge,1,Lunge,UL,MD,End,,
2/16/2019 12:12,8,Bite/Fighting,5,Subordinate posture,UR,WL,,Yes,
2/16/2019 12:13,8,Bite/Fighting,5,Subordinate posture,UL,,,Yes,
2/16/2019 12:13,8,Lunge,10,Flee,UL,,,Yes,
2/16/2019 12:16,3,Sniff*,7,N/A,UR,,,,Y
2/16/2019 12:19,1,Lunge,1,Lunge,UL,MD,Start,,
2/16/2019 12:19,8,Sniff*,9,Walk away,UL,,,,
2/16/2019 12:20,1,Sniff*,10,Sniff,MR,,,,
2/16/2019 12:21,11,"Bite/Fighting, Chase",1,Flee,MR,,,,
2/16/2019 12:21,11,Sniff*,1,Subordinate posture,LR,,,,
2/16/2019 12:22,11,Sniff*,5,Preemptive flee,UL,,,,
2/16/2019 12:22,11,Sniff*,12,Walk away,ML,,,,
2/16/2019 12:22,11,Mount,12,Flee,ML,,,,
2/16/2019 12:23,8,Sniff*,5,N/A,UL,,,,
2/16/2019 12:23,9,Sniff*,5,Walk away,UR,,,,
2/16/2019 12:24,11,"Bite/Fighting, Chase",1,Flee,NB5,,,,
2/16/2019 12:24,11,Sniff*,1,Subordinate posture,NB1,,,,
2/16/2019 12:25,9,Sniff*,5,Walk away,ML,,,,
2/16/2019 12:25,11,Sniff*,9,Flee,UR,,,,
2/16/2019 12:26,9,Sniff*,8,Walk away,UL,,,,
2/16/2019 12:27,11,Chase,1,Flee,LL,,,,
2/16/2019 12:30,11,Sniff*,8,Preemptive flee,UR,,,,
2/16/2019 12:30,8,Sniff*,10,Walk away,UL,,,,
2/16/2019 12:31,11,"Bite/Fighting, Chase",5,Flee,UL,,,,
2/16/2019 12:31,11,"Bite/Fighting, Chase",1,"Flee, Freeze/immobility",UL,,,,
2/16/2019 12:34,12,Sniff*,10,N/A,UL,,,,
2/16/2019 12:36,8,Sniff*,7,Sniff,UL,,,,
2/16/2019 12:36,8,"Bite/Fighting, Chase",1,Flee,LR,,,,
2/16/2019 12:36,8,"Bite/Fighting, Chase",1,Flee,MR,,,,
2/16/2019 12:37,8,"Bite/Fighting, Chase",1,Flee,LR,,,,
2/16/2019 12:38,8,Chase,1,Flee,MR,,,,
2/16/2019 12:39,8,"Bite/Fighting, Chase",1,Flee,LR,,,,
2/16/2019 12:39,3,Sniff*,9,N/A,UR,,,,
2/16/2019 12:40,8,"Bite/Fighting, Chase",1,Flee,MR,,,,
2/16/2019 12:40,3,Bite/Fighting,8,"Flee, Subordinate posture",MR,,,,
2/16/2019 12:40,6,Sniff*,7,Walk away,UL,,,,
2/16/2019 12:41,6,Sniff*,8,N/A,UR,,,,
2/16/2019 12:41,3,Sniff*,9,N/A,MR,,,,
2/16/2019 12:42,3,Allogroom*,9,Freeze/immobility,MR,,,,
2/16/2019 12:43,3,"Chase, Sniff*",8,Flee,ML,,,,
2/16/2019 12:43,3,"Bite/Fighting, Chase",9,Flee,ML,,,,
2/16/2019 12:44,3,Sniff*,7,Walk away,ML,,,,
2/16/2019 12:45,10,"Bite/Fighting, Mount",8,"Flee, Freeze/immobility",UR,,,,
2/16/2019 12:45,3,"Chase, Sniff*",10,Flee,UL,,,,
2/16/2019 12:46,8,Bite/Fighting,1,Subordinate posture,UR,,,,
2/16/2019 12:46,3,"Bite/Fighting, Chase",8,Flee,UR,,,,
2/16/2019 12:47,3,Chase,1,Flee,UL,,,,
2/16/2019 12:47,3,Chase,9,Flee,UL,,,,
2/16/2019 12:48,3,"Chase, Sniff*",9,Flee,ML,,,,
2/16/2019 12:49,8,Sniff*,1,Subordinate posture,UR,,,,
2/16/2019 12:49,6,Allogroom*,5,N/A,UR,,,,
2/16/2019 12:51,8,Sniff*,9,Walk away,UL,,,,
2/16/2019 12:51,8,"Bite/Fighting, Chase",1,Flee,LL,,,,
2/16/2019 12:52,3,"Bite/Fighting, Chase",8,"Flee, Subordinate posture",LL,,,,
2/16/2019 12:53,8,"Bite/Fighting, Chase",1,Flee,MR,1 was just running around and ran right into 8,,,
2/16/2019 12:54,3,Sniff*,9,N/A,UR,,,,
2/16/2019 12:56,3,Chase,11,Flee,MR,,,,
2/16/2019 12:57,10,Sniff*,11,"Sniff, Walk away",UR,,,,
2/16/2019 12:59,12,Sniff*,10,N/A,MR,,,,
2/16/2019 13:00,10,Sniff*,12,Walk away,MR,,,,
2/16/2019 13:04,11,Sniff*,1,N/A,ML,,,,
2/16/2019 13:05,7,Bite/Fighting,1,Flee,UL,,,,
2/16/2019 13:06,3,Allogroom*,10,Freeze/immobility,UR,,,,
2/16/2019 13:07,3,Sniff*,10,Subordinate posture,UR,,,,
2/16/2019 13:07,3,Bite/Fighting,1,Subordinate posture,UR,,,,
2/16/2019 13:08,11,Sniff*,10,Walk away,MR,,,,
2/16/2019 13:09,10,"Chase, Sniff*",7,Flee,UR,,,,
2/16/2019 13:10,10,Sniff*,11,Sniff,UL,,,,
2/16/2019 13:12,11,Sniff*,1,N/A,ML,,,,
2/16/2019 13:12,11,Chase,9,Flee,MR,,,,
2/16/2019 13:14,6,Sniff*,3,Walk away,UL,,,,
2/16/2019 13:14,11,Bite/Fighting,12,Flee,LL,,,,
2/16/2019 13:16,1,Lunge,1,Lunge,UL,MD,End,,
2/16/2019 14:02,1,Lunge,1,Lunge,UL,Jpb,Start,,
2/16/2019 14:06,1,Sniff*,10,Walk away,ML,,,,
2/16/2019 14:12,8,"Lunge, Chase, Sniff*",1,Flee,MR,,,,
2/16/2019 14:20,8,"Bite/Fighting, Chase",1,"Flee, Freeze/immobility",ML,,,,
2/16/2019 14:21,3,"Lunge, Bite/Fighting",9,"Flee, Subordinate posture",LR,,,,
2/16/2019 14:27,11,"Lunge, Bite/Fighting",1,Freeze/immobility,NB5,,,,
2/16/2019 14:35,3,Lunge,8,"Flee, Subordinate posture",MR,,,,
2/16/2019 14:37,10,"Mount, Sniff*",12,Walk away,MR,,,,
2/16/2019 14:44,3,Chase,6,Flee,LR,,,,
2/16/2019 14:47,8,Bite/Fighting,5,"Subordinate posture, Freeze/immobility",UR,,,,
2/16/2019 14:48,3,Chase,8,Flee,MR,,,,
2/16/2019 14:49,10,"Lunge, Bite/Fighting",5,Subordinate posture,UL,,,,
2/16/2019 14:55,11,Chase,8,,NB5,,,,
2/16/2019 14:56,10,"Lunge, Bite/Fighting",5,Flee,LL,,,,
2/16/2019 14:57,8,"Lunge, Mount",5,"Flee, Subordinate posture",LL,,,,
2/16/2019 14:59,3,"Lunge, Chase",5,Flee,ML,,,,
2/16/2019 15:01,11,Chase,3,Flee,UL,,,,
2/16/2019 15:02,1,Lunge,1,Lunge,UL,Jpb,End,,
2/17/2019 12:02,1,Lunge,1,Lunge,UL,tmm,Start,,
2/17/2019 12:03,11,Sniff*,10,Walk away,UR,,,,
2/17/2019 12:05,3,Sniff*,6,Sniff,UR,,,,
2/17/2019 12:06,10,"Sniff*, Walk away",3,Sniff,ML,,,,
2/17/2019 12:07,8,"Lunge, Chase",1,Flee,LR,,,,
2/17/2019 12:08,3,"Bite/Fighting, Sniff*",6,Flee,ML,,,,
2/17/2019 12:09,8,Approach*,1,Flee,LL,,,,
2/17/2019 12:10,8,"Bite/Fighting, Chase",5,Flee,LL,,,,
2/17/2019 12:10,8,"Lunge, Bite/Fighting, Chase",1,"Flee, Subordinate posture, Freeze/immobility",LL,,,,
2/17/2019 12:11,7,"Lunge, Chase",8,Flee,LR,,,,
2/17/2019 12:11,11,Bite/Fighting,7,Flee,LR,,,,
2/17/2019 12:12,11,"Bite/Fighting, Chase, Sniff*",3,"Flee, Freeze/immobility",UL,,,,
2/17/2019 12:13,11,Chase,1,Flee,MR,,,,
2/17/2019 12:15,10,Sniff*,12,N/A,UL,,,,
2/17/2019 12:16,11,"Lunge, Chase",1,"Flee, Subordinate posture",LR,,,,
2/17/2019 12:18,11,"Bite/Fighting, Chase",6,"Flee, Subordinate posture",NB1,,,,
2/17/2019 12:19,11,"Lunge, Sniff*",1,"Subordinate posture, Freeze/immobility",NB4,,,,
2/17/2019 12:21,8,"Chase, Mount",5,Flee,MR,6 has huge bite mark on his butt,,,
2/17/2019 12:21,7,Chase,9,Flee,ML,,,,
2/17/2019 12:22,10,"Mount, Sniff*",12,Flee,MR,,,,
2/17/2019 12:23,11,"Bite/Fighting, Chase",5,Flee,NB2,,,,
2/17/2019 12:24,11,Chase,9,Flee,LR,,,,
2/17/2019 12:25,3,"Bite/Fighting, Chase, Sniff*",12,"Flee, Sniff",UR,,,,
2/17/2019 12:27,8,"Bite/Fighting, Chase",1,Flee,MR,,,,
2/17/2019 12:30,8,"Mount, Sniff*",12,Subordinate posture,LR,,,,
2/17/2019 12:30,11,Bite/Fighting,7,Subordinate posture,NB4,,,,
2/17/2019 12:32,8,Mount,12,Freeze/immobility,UR,,,,
2/17/2019 12:33,11,"Bite/Fighting, Chase",10,Flee,MR,,,,
2/17/2019 12:39,11,"Bite/Fighting, Chase",12,Flee,LL,,,,
2/17/2019 12:40,10,Sniff*,12,Sniff,ML,,,,
2/17/2019 12:41,3,"Sniff*, Walk away",5,Sniff,UL,,,,
2/17/2019 12:43,6,Sniff*,10,Walk away,UR,,,,
2/17/2019 12:44,8,Mount,5,Subordinate posture,UR,,,,
2/17/2019 12:45,8,"Bite/Fighting, Chase",5,Flee,UL,,,,
2/17/2019 12:46,8,"Bite/Fighting, Chase, Mount, Approach*",5,"Flee, Subordinate posture",UR,,,,
2/17/2019 12:46,3,"Bite/Fighting, Sniff*",8,Subordinate posture,UR,,,,
2/17/2019 12:47,11,Mount,12,Freeze/immobility,UR,,,,
2/17/2019 12:50,10,Mount,12,"Flee, Freeze/immobility",ML,,,,
2/17/2019 12:51,1,"Mount, Sniff*, Allogroom*",5,Freeze/immobility,LL,,,,
2/17/2019 12:52,3,Mount,12,"Flee, Subordinate posture",MR,,,,
2/17/2019 12:53,8,"Bite/Fighting, Mount",5,"Subordinate posture, Freeze/immobility",UR,,,,
2/17/2019 12:53,10,Bite/Fighting,6,Freeze/immobility,UR,,,,
2/17/2019 12:55,11,"Lunge, Bite/Fighting",7,"Flee, Subordinate posture, Freeze/immobility",NB1,,,,
2/17/2019 12:56,10,Sniff*,12,Walk away,ML,,,,
2/17/2019 12:57,11,Approach*,10,Preemptive flee,ML,,,,
2/17/2019 13:00,1,Lunge,1,Lunge,UL,tmm,End,,
2/17/2019 17:25,1,Lunge,1,Lunge,UL,WL,Start,,
2/17/2019 17:26,6,Sniff*,7,Walk away,UR,6 has noticeable bite wounds,,,
2/17/2019 17:27,10,Sniff*,12,Walk away,ML,,,,
2/17/2019 17:27,10,"Chase, Mount",12,"Freeze/immobility, Walk away",MR,,,,
2/17/2019 17:28,9,"Preemptive avoidance/flee*, Approach*",11,"Chase, Sniff",MR,,,,
2/17/2019 17:29,12,Approach*,1,Freeze/immobility,LL,,,,
2/17/2019 17:29,11,Chase,10,Flee,ML,,,,
2/17/2019 17:29,6,Sniff*,12,Walk away,UL,,,,
2/17/2019 17:30,11,Approach*,5,Subordinate posture,MR,,,,
2/17/2019 17:30,10,"Chase, Mount",12,Flee,UR,,,,
2/17/2019 17:31,3,Sniff*,5,Freeze/immobility,MR,Definitely freezde,,,
2/17/2019 17:32,10,Sniff*,8,N/A,UR,,,,
2/17/2019 17:33,8,"Bite/Fighting, Chase, Sniff*",5,"Flee, Subordinate posture, Freeze/immobility",LR,,,,
2/17/2019 17:34,11,Allogroom*,8,N/A,MR,,,,
2/17/2019 17:34,8,"Chase, Mount",12,Flee,MR,,,,
2/17/2019 17:34,11,Chase,8,Flee,MR,,,,
2/17/2019 17:35,12,Approach*,5,Freeze/immobility,LL,,,,
2/17/2019 17:35,8,Sniff*,1,Subordinate posture,LL,,,,
2/17/2019 17:35,8,Lunge,5,Subordinate posture,LL,,,,
2/17/2019 17:35,8,"Bite/Fighting, Chase",1,"Flee, Subordinate posture",LL,,,,
2/17/2019 17:36,11,Sniff*,8,Walk away,UR,,,,
2/17/2019 17:36,11,Bite/Fighting,10,Subordinate posture,MR,,,,
2/17/2019 17:38,11,"Bite/Fighting, Chase",8,Flee,LR,,,,
2/17/2019 17:38,10,"Bite/Fighting, Chase",12,"Subordinate posture, Freeze/immobility",ML,,,,
2/17/2019 17:39,11,Sniff*,10,Preemptive flee,UL,,,,
2/17/2019 17:39,11,Sniff*,8,N/A,ML,,,,
2/17/2019 17:39,11,"Bite/Fighting, Chase",6,"Flee, Subordinate posture, Freeze/immobility",UL,,,,
2/17/2019 17:40,8,Approach*,12,Preemptive flee,MR,,,,
2/17/2019 17:40,10,"Bite/Fighting, Chase",12,Flee,MR,,,,
2/17/2019 17:40,11,"Lunge, Chase",5,"Flee, Subordinate posture",LL,,,,
2/17/2019 17:42,12,"Approach*, Walk away",8,Sniff,ML,,,,
2/17/2019 17:42,11,"Bite/Fighting, Chase",5,Flee,LL,,,,
2/17/2019 17:43,8,"Bite/Fighting, Chase",5,Flee,ML,,,,
2/17/2019 17:43,11,Sniff*,8,N/A,ML,,,,
2/17/2019 17:43,8,Bite/Fighting,5,Flee,MR,,,,
2/17/2019 17:44,10,"Bite/Fighting, Chase",12,"Flee, Freeze/immobility",MR,,,,
2/17/2019 17:44,11,Chase,12,Flee,LL,,,,
2/17/2019 17:45,11,Bite/Fighting,6,Flee,UR,,,,
2/17/2019 17:46,11,"Chase, Approach*",12,"Flee, Freeze/immobility",LL,,,,
2/17/2019 17:52,11,Sniff*,3,,MR,Can't tell exactly what was the reaction,,,
2/17/2019 17:54,5,Allogroom*,1,N/A,LL,,,,
2/17/2019 17:54,11,"Bite/Fighting, Chase, Sniff*",5,"Flee, Freeze/immobility",LL,,,,
2/17/2019 17:56,10,"Bite/Fighting, Chase",12,Flee,UL,,,,
2/17/2019 18:00,11,Sniff*,5,Freeze/immobility,LL,,,,
2/17/2019 18:06,10,"Chase, Mount, Sniff*",12,"Flee, Preemptive flee",UL,3 is sleeping alone at MR. 11 nest building in NB4. 6 sleeping alone in UL,,,
2/17/2019 18:08,10,Mount,12,Freeze/immobility,ML,,,,
2/17/2019 18:09,11,"Bite/Fighting, Chase",5,"Flee, Freeze/immobility",LL,,,,
2/17/2019 18:11,10,Mount,12,,ML,,,,
2/17/2019 18:24,1,Lunge,1,Lunge,UL,WL - Not a single mouse is moving -_- (18:18),End,,
2/17/2019 19:28,7,"Bite/Fighting, Chase",6,Flee,UL,WL,,Yes,
2/17/2019 19:30,3,"Bite/Fighting, Chase",7,"Flee, Subordinate posture",LR,WL,,Yes,
2/17/2019 19:35,8,Bite/Fighting,9,Bite/Fighting,UL,Don't know who won,,Yes,
2/17/2019 19:36,8,"Bite/Fighting, Chase",7,"Flee, Subordinate posture",UL,,,Yes,
2/17/2019 19:36,8,"Lunge, Chase",9,Flee,UL,,,Yes,
2/18/2019 11:01,1,Lunge,1,Lunge,UL,WL,Start,,
2/18/2019 11:06,6,Sniff*,12,N/A,LR,,,,
2/18/2019 11:07,11,Bite/Fighting,3,Subordinate posture,NB5,,,,
2/18/2019 11:08,8,Sniff*,7,Walk away,UR,,,,
2/18/2019 11:09,11,Bite/Fighting,3,Freeze/immobility,NB5,,,,
2/18/2019 11:10,8,Sniff*,9,Sniff,UL,,,,
2/18/2019 11:12,11,Allogroom*,3,N/A,NB5,,,,
2/18/2019 11:12,11,"Lunge, Bite/Fighting",3,"Subordinate posture, Freeze/immobility",NB5,,,,
2/18/2019 11:12,7,"Chase, Sniff*",10,"Flee, Freeze/immobility",ML,,,,
2/18/2019 11:13,7,Sniff*,10,Walk away,ML,,,,
2/18/2019 11:13,8,Sniff*,7,Walk away,ML,,,,
2/18/2019 11:13,10,Sniff*,7,Walk away,UL,,,,
2/18/2019 11:14,11,"Chase, Sniff*",7,Walk away,ML,,,,
2/18/2019 11:15,11,Bite/Fighting,7,Freeze/immobility,ML,,,,
2/18/2019 11:16,11,Sniff*,7,Walk away,ML,,,,
2/18/2019 11:17,6,Sniff*,12,Walk away,UR,,,,
2/18/2019 11:17,6,Sniff*,3,Walk away,UR,,,,
2/18/2019 11:18,11,"Bite/Fighting, Chase",7,Flee,LL,,,,
2/18/2019 11:18,8,Allogroom*,5,,ML,,,,
2/18/2019 11:19,11,Sniff*,10,Walk away,UL,,,,
2/18/2019 11:20,7,Sniff*,12,Walk away,LR,,,,
2/18/2019 11:21,11,"Bite/Fighting, Chase",8,Flee,ML,,,,
2/18/2019 11:21,11,Sniff*,10,Freeze/immobility,MR,Aggressive sniff,,,
2/18/2019 11:21,11,"Bite/Fighting, Chase",12,Flee,LR,,,,
2/18/2019 11:22,11,"Bite/Fighting, Chase",10,Flee,MR,,,,
2/18/2019 11:22,11,"Bite/Fighting, Chase",8,Flee,ML,,,,
2/18/2019 11:22,11,Chase,7,Flee,UR,,,,
2/18/2019 11:23,11,Bite/Fighting,10,"Flee, Freeze/immobility",ML,,,,
2/18/2019 11:23,11,Bite/Fighting,7,Subordinate posture,ML,,,,
2/18/2019 11:23,11,"Bite/Fighting, Chase",3,"Flee, Subordinate posture",LL,,,,
2/18/2019 11:25,11,Sniff*,3,Walk away,ML,,,,
2/18/2019 11:25,6,Sniff*,12,N/A,MR,,,,
2/18/2019 11:26,10,"Flee, Approach*",11,Chase,MR,,,,
2/18/2019 11:27,8,Allogroom*,6,N/A,ML,,,,
2/18/2019 11:27,12,"Sniff*, Allogroom*",5,Freeze/immobility,UL,,,,
2/18/2019 11:27,7,Sniff*,12,"Sniff, Walk away",UL,,,,
2/18/2019 11:28,11,Sniff*,7,Sniff,UR,,,,
2/18/2019 11:29,11,Chase,9,Flee,LR,,,,
2/18/2019 11:30,7,Sniff*,5,Walk away,ML,,,,
2/18/2019 11:30,8,Sniff*,10,"Sniff, Walk away",LL,Almost chase,,,
2/18/2019 11:31,8,"Chase, Mount",10,Flee,UL,,,,
2/18/2019 11:31,8,Bite/Fighting,5,"Subordinate posture, Freeze/immobility",ML,Ouch ,,,
2/18/2019 11:32,8,"Bite/Fighting, Chase",5,"Flee, Freeze/immobility",LL,,,,
2/18/2019 11:32,8,"Bite/Fighting, Chase",10,Flee,ML,,,,
2/18/2019 11:33,5,"Flee, Sniff*",10,"Bite/Fighting, Chase",MR,,,,
2/18/2019 11:33,8,Bite/Fighting,5,Flee,ML,,,,
2/18/2019 11:33,8,Sniff*,12,Walk away,UL,Almost chase,,,
2/18/2019 11:34,8,"Bite/Fighting, Chase",10,Flee,MR,,,,
2/18/2019 11:35,8,"Bite/Fighting, Chase",10,Flee,MR,,,,
2/18/2019 11:35,8,"Bite/Fighting, Chase",10,Flee,UL,,,,
2/18/2019 11:35,8,"Bite/Fighting, Chase",10,"Flee, Freeze/immobility",MR,,,,
2/18/2019 11:36,12,Sniff*,1,Subordinate posture,NB1,,,,
2/18/2019 11:36,8,"Bite/Fighting, Chase",10,Flee,UL,,,,
2/18/2019 11:36,8,"Bite/Fighting, Chase",10,Flee,MR,,,,
2/18/2019 11:37,8,"Bite/Fighting, Chase",10,Flee,UL,,,,
2/18/2019 11:37,6,Sniff*,1,Sniff,LL,,,,
2/18/2019 11:37,8,Sniff*,6,N/A,LL,,,,
2/18/2019 11:38,12,"Preemptive avoidance/flee*, Approach*",8,Sniff,LL,,,,
2/18/2019 11:38,8,Sniff*,12,N/A,NB1,,,,
2/18/2019 11:39,11,"Bite/Fighting, Chase",7,Flee,NB3,Vicious ,,,
2/18/2019 11:39,10,Sniff*,7,Sniff,MR,,,,
2/18/2019 11:40,6,Sniff*,12,Walk away,NB3,,,,
2/18/2019 11:40,10,Chase,12,Walk away,LR,,,,
2/18/2019 11:41,8,"Bite/Fighting, Chase",1,Flee,UR,,,,
2/18/2019 11:41,3,Sniff*,8,Walk away,UL,,,,
2/18/2019 11:41,11,Lunge,10,Flee,LR,,,,
2/18/2019 11:42,12,Sniff*,6,Sniff,NB3,,,,
2/18/2019 11:42,11,"Bite/Fighting, Chase",6,"Flee, Subordinate posture, Freeze/immobility",NB3,,,,
2/18/2019 11:43,3,Sniff*,10,Sniff,MR,,,,
2/18/2019 11:43,11,Sniff*,7,N/A,ML,,,,
2/18/2019 11:45,8,"Bite/Fighting, Chase",10,"Flee, Freeze/immobility",MR,,,,
2/18/2019 11:46,8,"Bite/Fighting, Chase",10,Flee,MR,,,,
2/18/2019 11:46,6,Sniff*,12,Walk away,UR,,,,
2/18/2019 11:47,1,"Bite/Fighting, Chase",5,Flee,NB1,Rare,,,
2/18/2019 11:49,11,Sniff*,8,Walk away,ML,,,,
2/18/2019 11:50,6,Sniff*,7,Walk away,UL,,,,
2/18/2019 11:53,11,Allogroom*,5,N/A,NB5,,,,
2/18/2019 11:54,6,Sniff*,7,Walk away,ML,,,,
2/18/2019 11:54,8,Bite/Fighting,10,Subordinate posture,ML,,,,
2/18/2019 11:55,8,Bite/Fighting,1,"Subordinate posture, Freeze/immobility",ML,,,,
2/18/2019 11:55,8,"Bite/Fighting, Chase",1,"Flee, Freeze/immobility",ML,,,,
2/18/2019 11:55,8,Bite/Fighting,1,Subordinate posture,NB1,,,,
2/18/2019 11:57,11,Approach*,12,Subordinate posture,NB1,,,,
2/18/2019 11:57,11,Bite/Fighting,6,Freeze/immobility,NB1,Frozen in the tube,,,
2/18/2019 11:58,11,Bite/Fighting,12,Subordinate posture,NB1,,,,
2/18/2019 11:58,11,Bite/Fighting,6,Subordinate posture,NB1,,,,
2/18/2019 11:58,11,Bite/Fighting,6,Subordinate posture,NB1,,,,
2/18/2019 11:59,11,"Bite/Fighting, Chase",12,"Flee, Freeze/immobility",LR,,,,
2/18/2019 12:00,1,Lunge,1,Lunge,UL,WL,End,,
2/18/2019 12:01,1,Lunge,1,Lunge,UL,Jpb,Start,,
2/18/2019 12:03,10,Sniff*,12,Walk away,UR,,,,
2/18/2019 12:08,8,"Bite/Fighting, Chase",10,Flee,MR,,,,
2/18/2019 12:13,7,Sniff*,9,Walk away,UR,,,,
2/18/2019 12:15,8,"Chase, Sniff*",7,Flee,LL,,,,
2/18/2019 12:18,8,Sniff*,7,N/A,LR,,,,
2/18/2019 12:19,7,"Bite/Fighting, Chase",12,"Flee, Freeze/immobility",MR,,,,
2/18/2019 12:22,7,"Lunge, Bite/Fighting",12,"Flee, Subordinate posture, Freeze/immobility",LL,,,,
2/18/2019 12:23,11,Lunge,7,"Flee, Freeze/immobility",LL,,,,
2/18/2019 12:27,8,"Mount, Sniff*",10,"Subordinate posture, Freeze/immobility",UL,,,,
2/18/2019 12:29,11,"Bite/Fighting, Chase",9,Flee,LR,,,,
2/18/2019 12:49,11,"Lunge, Bite/Fighting",1,Freeze/immobility,NB3,,,,
2/18/2019 12:54,7,"Lunge, Mount",10,"Subordinate posture, Freeze/immobility",ML,,,,
2/18/2019 12:57,7,"Lunge, Chase",1,Flee,LL,,,,
2/18/2019 12:58,11,Lunge,10,Freeze/immobility,NB4,,,,
2/18/2019 13:00,1,Lunge,1,Lunge,UL,Jpb,End,,
2/19/2019 11:02,1,Lunge,1,Lunge,UL,MD,Start,,Y
2/19/2019 11:02,1,Lunge,1,Lunge,UL,WL,Start,,
2/19/2019 11:03,7,Sniff*,9,N/A,ML,,,,
2/19/2019 11:04,11,Sniff*,8,N/A,ML,,,,
2/19/2019 11:05,10,Allogroom*,12,N/A,ML,Most huddled in ML,,,
2/19/2019 11:05,11,Sniff*,8,N/A,UR,,,,
2/19/2019 11:10,11,Sniff*,12,Walk away,UR,,,,
2/19/2019 11:17,11,Bite/Fighting,12,Subordinate posture,NB5,,,,
2/19/2019 11:18,11,Sniff*,12,Subordinate posture,NB5,,,,
2/19/2019 11:21,6,Sniff*,12,Walk away,UL,,,,
2/19/2019 11:22,6,Sniff*,12,Walk away,MR,,,,
2/19/2019 11:24,6,Sniff*,3,Walk away,MR,,,,
2/19/2019 11:25,12,Sniff*,7,N/A,UR,,,,
2/19/2019 11:26,6,Sniff*,7,N/A,UR,,,,
2/19/2019 11:27,11,Bite/Fighting,12,Subordinate posture,NB2,,,,
2/19/2019 11:30,11,Bite/Fighting,12,Subordinate posture,NB5,,,,
2/19/2019 11:30,11,Sniff*,12,Subordinate posture,NB5,,,,
2/19/2019 11:31,3,Sniff*,6,N/A,UR,,,,
2/19/2019 11:32,11,Bite/Fighting,12,Subordinate posture,NB5,12 keeps disturbing 11,,,
2/19/2019 11:33,7,Sniff*,12,Walk away,UR,,,,
2/19/2019 11:35,6,Sniff*,11,Sniff,NB5,,,,
2/19/2019 11:35,11,"Bite/Fighting, Chase",6,Flee,NB5,,,,
2/19/2019 11:36,11,"Bite/Fighting, Chase",3,Flee,LL,,,,
2/19/2019 11:36,7,Sniff*,8,N/A,ML,,,,
2/19/2019 11:39,10,Sniff*,7,Sniff,MR,,,,
2/19/2019 11:39,12,Sniff*,10,Sniff,MR,,,,
2/19/2019 11:41,6,Sniff*,12,Sniff,UR,,,,
2/19/2019 11:43,6,Sniff*,3,Walk away,UL,,,,
2/19/2019 11:44,8,Sniff*,12,Walk away,MR,,,,
2/19/2019 11:46,10,"Mount, Sniff*",12,"Flee, Freeze/immobility",MR,,,,
2/19/2019 11:46,10,"Bite/Fighting, Mount",12,Freeze/immobility,ML,,,,
2/19/2019 11:46,10,"Mount, Allogroom*",12,Freeze/immobility,ML,,,,
2/19/2019 11:47,8,Sniff*,11,Walk away,MR,,,,
2/19/2019 11:48,6,Sniff*,12,Walk away,MR,,,,
2/19/2019 11:49,8,"Chase, Mount, Sniff*",7,Flee,ML,,,,
2/19/2019 11:49,3,Sniff*,8,Walk away,UR,,,,
2/19/2019 11:49,8,Sniff*,3,Walk away,UR,,,,
2/19/2019 11:51,3,Sniff*,10,Walk away,UL,,,,
2/19/2019 11:52,8,Sniff*,6,Walk away,MR,,,,
2/19/2019 11:52,8,Sniff*,5,Walk away,ML,,,,
2/19/2019 11:54,8,"Mount, Sniff*",7,"Flee, Freeze/immobility",LL,,,,
2/19/2019 11:54,8,Sniff*,9,Walk away,ML,,,,
2/19/2019 11:55,8,Sniff*,7,Walk away,MR,,,,
2/19/2019 11:55,8,"Chase, Sniff*",7,Flee,ML,,,,
2/19/2019 11:56,3,Sniff*,8,N/A,MR,,,,
2/19/2019 11:56,12,Sniff*,3,N/A,MR,,,,
2/19/2019 11:57,3,Sniff*,12,N/A,MR,,,,
2/19/2019 11:57,6,Sniff*,8,Walk away,UL,,,,
2/19/2019 11:57,6,Sniff*,12,Walk away,MR,,,,
2/19/2019 11:58,10,Sniff*,6,Walk away,MR,,,,
2/19/2019 11:59,6,"Bite/Fighting, Chase, Sniff*",12,Flee,LL,,,,
2/19/2019 12:00,1,Lunge,1,Lunge,UL,MD,End,,
2/19/2019 12:30,1,Lunge,1,Lunge,UL,WL,Start,,
2/19/2019 12:31,8,Sniff*,10,Freeze/immobility,ML,,,,
2/19/2019 12:32,8,Sniff*,7,Walk away,ML,,,,
2/19/2019 12:32,10,"Chase, Mount",12,"Flee, Freeze/immobility",ML,,,,
2/19/2019 12:33,11,Sniff*,3,Freeze/immobility,NB5,,,,
2/19/2019 12:35,8,Sniff*,1,,ML,,,,
2/19/2019 12:35,11,"Bite/Fighting, Chase",3,"Flee, Subordinate posture",NB5,,,,
2/19/2019 12:35,8,"Bite/Fighting, Chase",10,"Flee, Freeze/immobility",ML,,,,
2/19/2019 12:36,8,Sniff*,7,N/A,MR,,,,
2/19/2019 12:38,10,Mount,12,"Flee, Freeze/immobility",ML,,,,
2/19/2019 12:40,11,"Bite/Fighting, Chase",6,Flee,LR,,,,
2/19/2019 12:41,11,"Bite/Fighting, Chase",6,"Flee, Subordinate posture, Freeze/immobility",LR,Ouuuuuuuch,,,
2/19/2019 12:41,11,"Bite/Fighting, Chase",6,"Flee, Subordinate posture, Freeze/immobility",LR,,,,
2/19/2019 12:41,11,Chase,9,Flee,MR,,,,
2/19/2019 12:43,11,Chase,12,Flee,NB3,,,,
2/19/2019 12:46,10,Mount,12,Freeze/immobility,ML,,,,
2/19/2019 12:46,10,Chase,12,Flee,MR,,,,
2/19/2019 12:48,6,"Approach*, Sniff*",9,"Sniff, Walk away",MR,,,,
2/19/2019 12:48,11,"Bite/Fighting, Chase",9,Flee,LR,,,,
2/19/2019 12:51,8,"Bite/Fighting, Chase",5,Flee,MR,,,,
2/19/2019 12:52,6,Sniff*,12,N/A,UL,,,,
2/19/2019 12:52,6,Sniff*,12,Walk away,UL,,,,
2/19/2019 12:52,8,"Lunge, Bite/Fighting",1,"Flee, Freeze/immobility",ML,,,,
2/19/2019 12:53,8,"Bite/Fighting, Chase",10,Flee,MR,,,,
2/19/2019 12:53,8,Bite/Fighting,1,Flee,ML,,,,
2/19/2019 12:53,8,"Bite/Fighting, Chase",10,"Flee, Subordinate posture",MR,,,,
2/19/2019 12:53,8,Bite/Fighting,1,,ML,,,,
2/19/2019 12:54,8,Bite/Fighting,10,Subordinate posture,ML,,,,
2/19/2019 12:54,8,Sniff*,9,Walk away,MR,,,,
2/19/2019 12:55,8,Sniff*,9,Walk away,UL,,,,
2/19/2019 12:56,10,"Chase, Mount",12,Flee,UL,,,,
2/19/2019 12:56,10,Mount,12,Freeze/immobility,ML,,,,
2/19/2019 12:56,6,Sniff*,10,Walk away,ML,,,,
2/19/2019 12:57,3,Sniff*,8,N/A,UL,Busy eating,,,
2/19/2019 12:57,8,"Bite/Fighting, Chase",5,Flee,ML,,,,
2/19/2019 12:58,8,Chase,1,"Flee, Subordinate posture",ML,,,,
2/19/2019 12:58,8,"Bite/Fighting, Chase",5,"Flee, Freeze/immobility",MR,,,,
2/19/2019 12:58,8,"Bite/Fighting, Chase",1,"Flee, Freeze/immobility",ML,,,,
2/19/2019 12:58,11,Sniff*,3,Walk away,ML,,,,
2/19/2019 12:59,11,Sniff*,7,Sniff,UR,,,,
2/19/2019 12:59,3,Sniff*,12,N/A,ML,,,,
2/19/2019 12:59,9,Sniff*,8,N/A,ML,,,,
2/19/2019 13:00,11,"Chase, Sniff*",5,Flee,LL,,,,
2/19/2019 13:00,10,Sniff*,12,Preemptive flee,ML,,,,
2/19/2019 13:00,8,Sniff*,9,"Sniff, Walk away",LL,,,,
2/19/2019 13:00,10,"Bite/Fighting, Chase",12,Flee,ML,,,,
2/19/2019 13:01,8,"Bite/Fighting, Chase",9,Flee,MR,,,,
2/19/2019 13:01,11,"Bite/Fighting, Chase",9,"Flee, Freeze/immobility",MR,,,,
2/19/2019 13:02,10,"Chase, Mount",12,"Flee, Freeze/immobility",ML,,,,
2/19/2019 13:02,10,Approach*,12,Freeze/immobility,ML,,,,
2/19/2019 13:03,10,"Bite/Fighting, Chase, Mount",12,"Flee, Freeze/immobility",UR,,,,
2/19/2019 13:03,11,Chase,1,Flee,LL,,,,
2/19/2019 13:04,11,Sniff*,1,Subordinate posture,ML,,,,
2/19/2019 13:05,6,Chase,5,Flee,UR,,,,
2/19/2019 13:07,8,Approach*,1,"Subordinate posture, Preemptive flee",ML,,,,
2/19/2019 13:07,6,"Chase, Sniff*",3,Flee,MR,,,,
2/19/2019 13:07,10,"Chase, Mount",12,"Flee, Freeze/immobility",ML,,,,
2/19/2019 13:11,10,"Bite/Fighting, Chase",5,Flee,ML,,,,
2/19/2019 13:12,9,Sniff*,8,Walk away,ML,,,,
2/19/2019 13:12,7,"Chase, Sniff*",10,Flee,MR,,,,
2/19/2019 13:13,7,Sniff*,10,Walk away,ML,With borderline subordinate posture ,,,
2/19/2019 13:13,10,"Bite/Fighting, Chase",12,"Flee, Freeze/immobility",UL,,,,
2/19/2019 13:13,10,"Chase, Mount",12,,ML,,,,
2/19/2019 13:13,10,"Chase, Mount",12,"Flee, Freeze/immobility",UL,,,,
2/19/2019 13:16,8,"Bite/Fighting, Chase",1,"Flee, Subordinate posture",ML,,,,
2/19/2019 13:18,11,Lunge,6,Flee,LL,,,,
2/19/2019 13:18,11,Chase,10,Flee,MR,,,,
2/19/2019 13:19,11,Chase,9,Flee,UL,,,,
2/19/2019 13:19,3,Sniff*,5,Walk away,LL,,,,
2/19/2019 13:19,11,"Bite/Fighting, Chase",3,"Flee, Freeze/immobility",LR,,,,
2/19/2019 13:20,11,"Bite/Fighting, Chase",3,Flee,NB1,,,,
2/19/2019 13:20,11,"Bite/Fighting, Chase",5,Flee,NB4,,,,
2/19/2019 13:24,11,"Bite/Fighting, Chase",9,Flee,LR,,,,
2/19/2019 13:24,10,Mount,12,"Flee, Freeze/immobility",ML,,,,
2/19/2019 13:26,7,"Bite/Fighting, Chase, Sniff*",1,"Flee, Subordinate posture, Sniff",MR,,,,
2/19/2019 13:27,10,"Chase, Mount",12,Flee,ML,,,,
2/19/2019 13:27,10,Mount,12,Flee,MR,,,,
2/19/2019 13:27,11,"Bite/Fighting, Chase",10,Flee,LR,,,,
2/19/2019 13:28,10,"Chase, Mount",12,"Flee, Freeze/immobility",UL,,,,
2/19/2019 13:29,10,"Lunge, Chase",8,Flee,ML,,,,
2/19/2019 13:29,11,Sniff*,8,Freeze/immobility,ML,,,,
2/19/2019 13:29,10,"Chase, Mount",12,Flee,MR,,,,
2/19/2019 13:30,6,Chase,5,Flee,UR,,,,
2/19/2019 13:30,10,Mount,12,Freeze/immobility,LL,,,,
2/19/2019 13:31,12,Bite/Fighting,1,"Flee, Subordinate posture",LL,12 started attacking while getting mounted ,,,
2/19/2019 13:31,10,Mount,12,Freeze/immobility,LL,For the love of god ,,,
2/19/2019 13:31,11,Chase,10,Flee,LL,,,,
2/19/2019 13:31,1,Lunge,1,Lunge,UL,WL,End,,
2/20/2019 12:00,1,Lunge,1,Lunge,UL,tmm,Start,,
2/20/2019 12:02,11,"Bite/Fighting, Chase",7,"Flee, Subordinate posture",LL,,,,
2/20/2019 12:04,11,Sniff*,10,Sniff,UR,,,,
2/20/2019 12:07,11,Sniff*,12,Subordinate posture,NB4,,,,
2/20/2019 12:08,6,"Chase, Sniff*",12,"Flee, Subordinate posture",UL,,,,
2/20/2019 12:10,11,"Bite/Fighting, Chase",10,Flee,LR,,,,
2/20/2019 12:13,11,"Lunge, Sniff*",12,"Subordinate posture, Freeze/immobility",LL,,,,
2/20/2019 12:14,7,Mount,10,Subordinate posture,ML,,,,
2/20/2019 12:16,10,Mount,12,Freeze/immobility,ML,,,,
2/20/2019 12:20,11,"Mount, Sniff*",8,"Flee, Sniff",LR,,,,
2/20/2019 12:22,11,"Bite/Fighting, Chase, Mount",6,"Flee, Subordinate posture",NB3,,,,
2/20/2019 12:24,11,"Bite/Fighting, Chase",7,"Flee, Subordinate posture",LL,,,,
2/20/2019 12:26,12,Sniff*,5,Walk away,MR,,,,
2/20/2019 12:26,11,"Lunge, Bite/Fighting, Chase",8,Flee,LL,,,,
2/20/2019 12:27,7,Bite/Fighting,5,Freeze/immobility,ML,,,,
2/20/2019 12:28,8,"Sniff*, Walk away",9,N/A,UL,,,,
2/20/2019 12:29,6,Sniff*,9,Walk away,UR,,,,
2/20/2019 12:32,8,Sniff*,9,Sniff,MR,,,,
2/20/2019 12:35,10,Sniff*,3,Walk away,ML,,,,
2/20/2019 12:36,10,Mount,12,Freeze/immobility,ML,,,,
2/20/2019 12:37,3,Sniff*,8,Sniff,ML,,,,
2/20/2019 12:40,8,"Bite/Fighting, Sniff*",3,"Sniff, Walk away",MR,8 just bite 3 and pulled me out of the tube ,,,
2/20/2019 12:41,12,"Freeze/immobility, Sniff*",10,"Mount, Sniff",ML,,,,
2/20/2019 12:43,10,Mount,12,"Subordinate posture, Freeze/immobility",ML,again. -_-,,,
2/20/2019 12:45,11,"Bite/Fighting, Chase",7,Flee,LL,,,,
2/20/2019 12:45,8,"Chase, Mount",5,"Flee, Subordinate posture",ML,,,,
2/20/2019 12:46,11,"Lunge, Sniff*",3,"Subordinate posture, Freeze/immobility",LR,,,,
2/20/2019 12:45,8,Mount,1,Subordinate posture,ML,,,,
2/20/2019 12:46,11,"Bite/Fighting, Chase, Sniff*",5,Subordinate posture,NB4,,,,
2/20/2019 12:48,11,Mount,12,"Subordinate posture, Freeze/immobility",MR,,,,
2/20/2019 12:49,8,Sniff*,9,Sniff,UL,,,,
2/20/2019 12:51,10,Mount,12,Freeze/immobility,ML,,,,
2/20/2019 12:52,11,"Chase, Sniff*",5,Flee,UR,,,,
2/20/2019 12:53,8,"Bite/Fighting, Mount",5,Flee,UL,,,,
2/20/2019 12:53,8,Sniff*,9,N/A,ML,,,,
2/20/2019 12:54,8,"Sniff*, Walk away",9,N/A,MR,,,,
2/20/2019 12:54,10,Sniff*,5,Subordinate posture,ML,,,,
2/20/2019 12:56,8,Chase,5,Flee,ML,,,,
2/20/2019 12:56,8,"Bite/Fighting, Mount",5,Subordinate posture,UL,,,,
2/20/2019 13:00,1,Lunge,1,Lunge,UL,tmm,End,,
2/20/2019 16:00,1,Lunge,1,Lunge,UL,WL,Start,,
2/20/2019 16:02,11,Sniff*,1,"Flee, Freeze/immobility",LL,,,,
2/20/2019 16:02,11,"Lunge, Bite/Fighting",12,"Flee, Subordinate posture",NB3,,,,
2/20/2019 16:03,7,"Bite/Fighting, Chase",5,Flee,UR,,,,
2/20/2019 16:04,10,"Chase, Mount",12,Flee,ML,,,,
2/20/2019 16:04,8,"Bite/Fighting, Chase",1,Flee,ML,,,,
2/20/2019 16:05,10,"Chase, Mount",12,"Flee, Freeze/immobility",LR,,,,
2/20/2019 16:05,10,"Bite/Fighting, Chase",5,"Flee, Subordinate posture, Freeze/immobility",NB3,,,,
2/20/2019 16:06,8,"Bite/Fighting, Chase",1,Flee,UL,,,,
2/20/2019 16:07,1,"Bite/Fighting, Sniff*, Allogroom*",5,"Subordinate posture, Freeze/immobility",ML,,,,
2/20/2019 16:07,7,Sniff*,8,Sniff,UL,,,,
2/20/2019 16:07,8,"Bite/Fighting, Chase",1,Flee,UL,,,,
2/20/2019 16:08,8,Lunge,1,Flee,LR,,,,
2/20/2019 16:08,11,"Chase, Sniff*",3,"Flee, Freeze/immobility",LL,,,,
2/20/2019 16:13,8,Bite/Fighting,1,Flee,ML,,,,
2/20/2019 16:13,11,Chase,8,Flee,LR,,,,
2/20/2019 16:14,11,Approach*,1,Preemptive flee,LL,,,,
2/20/2019 16:15,7,Chase,1,Flee,MR,,,,
2/20/2019 16:16,7,Chase,10,Flee,MR,,,,
2/20/2019 16:17,7,"Chase, Sniff*",5,"Flee, Sniff",LL,,,,
2/20/2019 16:20,8,Sniff*,3,Sniff,UL,,,,
2/20/2019 16:21,7,"Chase, Sniff*",10,"Flee, Sniff",LL,,,,
2/20/2019 16:21,8,"Bite/Fighting, Chase, Sniff*",1,"Flee, Freeze/immobility",ML,,,,
2/20/2019 16:22,1,Bite/Fighting,5,Subordinate posture,NB4,,,,
2/20/2019 16:23,11,Bite/Fighting,1,Subordinate posture,NB4,,,,
2/20/2019 16:23,11,Bite/Fighting,1,Subordinate posture,NB4,Again ,,,
2/20/2019 16:23,11,Bite/Fighting,1,Subordinate posture,NB4,,,,
2/20/2019 16:23,1,Sniff*,5,Subordinate posture,NB4,,,,
2/20/2019 16:25,11,"Chase, Sniff*",3,Preemptive flee,LL,,,,
2/20/2019 16:27,11,Sniff*,3,Walk away,MR,These guys seem to fight in burst then go rest for a while ,,,
2/20/2019 16:27,11,"Bite/Fighting, Chase",1,"Flee, Subordinate posture",NB1,,,,
2/20/2019 16:30,10,"Flee, Sniff*",11,"Chase, Sniff",MR,,,,
2/20/2019 16:31,11,"Bite/Fighting, Allogroom*",1,Subordinate posture,NB5,,,,
2/20/2019 16:32,11,Approach*,1,Subordinate posture,NB5,,,,
2/20/2019 16:33,10,"Sniff*, Allogroom*",5,Subordinate posture,ML,,,,
2/20/2019 16:33,10,"Bite/Fighting, Chase",5,"Flee, Subordinate posture",ML,,,,
2/20/2019 16:34,10,"Bite/Fighting, Chase",5,"Flee, Freeze/immobility",LL,,,,
2/20/2019 16:34,7,"Bite/Fighting, Chase",10,Flee,LL,,,,
2/20/2019 16:36,7,"Flee, Approach*",3,Chase,LL,,,,
2/20/2019 16:38,12,"Approach*, Walk away",3,Sniff,LL,,,,
2/20/2019 16:39,10,Mount,12,Flee,ML,,,,
2/20/2019 16:40,11,"Bite/Fighting, Chase, Sniff*",3,"Flee, Subordinate posture",LL,,,,
2/20/2019 16:41,10,Sniff*,9,N/A,ML,,,,
2/20/2019 16:42,12,Approach*,9,Sniff,UL,,,,
2/20/2019 16:43,3,Sniff*,12,Sniff,LR,,,,
2/20/2019 16:44,11,Lunge,12,Freeze/immobility,NB5,,,,
2/20/2019 16:45,11,Chase,3,Flee,MR,,,,
2/20/2019 16:46,3,Sniff*,12,Walk away,MR,,,,
2/20/2019 16:48,11,"Bite/Fighting, Chase",3,Flee,LR,,,,
2/20/2019 16:50,3,Sniff*,12,Walk away,ML,,,,
2/20/2019 16:51,10,Sniff*,3,Walk away,ML,,,,
2/20/2019 16:52,11,Sniff*,10,N/A,UL,,,,
2/20/2019 16:53,11,Chase,10,Flee,UR,,,,
2/20/2019 16:57,10,"Chase, Mount",12,Flee,LR,,,,
2/20/2019 16:58,3,Sniff*,10,N/A,LR,,,,
2/20/2019 16:58,3,Sniff*,10,Walk away,LR,,,,
2/20/2019 16:59,11,Approach*,12,Preemptive flee,LR,,,,
2/20/2019 17:00,1,Lunge,1,Lunge,UL,WL,End,,
2/20/2019 17:00,1,Lunge,1,Lunge,UL,Jpb,Start,,
2/20/2019 17:04,11,Chase,12,"Flee, Freeze/immobility",LL,,,,
2/20/2019 17:06,11,Lunge,10,Flee,MR,,,,
2/20/2019 17:16,11,"Lunge, Bite/Fighting",3,Freeze/immobility,NB5,,,,
2/20/2019 17:24,8,Sniff*,6,Walk away,ML,,,,
2/20/2019 17:27,11,"Lunge, Bite/Fighting",3,Freeze/immobility,NB5,,,,
2/20/2019 17:35,8,"Chase, Sniff*",6,Flee,MR,,,,
2/20/2019 17:37,3,Sniff*,11,Walk away,ML,,,,
2/20/2019 17:55,11,Lunge,3,Freeze/immobility,NB5,,,,
2/20/2019 18:00,1,Lunge,1,Lunge,UL,Jpb,End,,
2/21/2019 11:59,1,Lunge,1,Lunge,UL,WL,Start,,
2/21/2019 12:01,11,"Bite/Fighting, Chase",7,"Flee, Subordinate posture, Freeze/immobility",NB3,,,,
2/21/2019 12:05,7,Sniff*,10,Walk away,LR,Almost chase,,,
2/21/2019 12:05,11,"Chase, Sniff*",8,Flee,LL,,,,
2/21/2019 12:08,8,Sniff*,7,N/A,MR,Long sniff,,,
2/21/2019 12:08,3,Sniff*,8,N/A,MR,,,,
2/21/2019 12:10,11,Sniff*,7,N/A,UR,,,,
2/21/2019 12:09,6,Sniff*,3,,UR,,,,
2/21/2019 12:09,6,Sniff*,7,N/A,UR,,,,
2/21/2019 12:11,6,Sniff*,7,Walk away,MR,,,,
2/21/2019 12:11,11,"Bite/Fighting, Chase",8,Flee,LL,,,,
2/21/2019 12:12,8,Sniff*,9,Walk away,ML,Aggressive sniff ,,,
2/21/2019 12:14,8,"Chase, Sniff*",8,Walk away,UR,Think almost chase but not 100 sure,,,
2/21/2019 12:14,7,"Bite/Fighting, Chase",12,Flee,LL,,,,
2/21/2019 12:14,7,"Bite/Fighting, Chase",6,Flee,ML,,,,
2/21/2019 12:15,7,Sniff*,3,"Sniff, Walk away",LL,,,,
2/21/2019 12:15,3,"Chase, Sniff*",7,"Flee, Subordinate posture",LL,,,,
2/21/2019 12:17,8,Mount,7,Freeze/immobility,MR,"So 11 is alpha, 3>7>6.. mounted head",,,
2/21/2019 12:19,11,"Bite/Fighting, Chase",10,"Flee, Subordinate posture, Freeze/immobility",NB3,,,,
2/21/2019 12:18,8,Lunge,5,Walk away,UR,,,,
2/21/2019 12:19,11,"Bite/Fighting, Chase",10,Flee,NB3,,,,
2/21/2019 12:20,8,Sniff*,10,Walk away,UL,,,,
2/21/2019 12:21,9,Sniff*,3,Walk away,UR,Feel like 3 is just doing its thing,,,
2/21/2019 12:22,7,Sniff*,12,Walk away,ML,,,,
2/21/2019 12:22,9,Sniff*,12,N/A,UL,,,,
2/21/2019 12:23,7,Chase,5,Flee,LR,,,,
2/21/2019 12:23,11,Chase,7,"Flee, Subordinate posture",LR,,,,
2/21/2019 12:31,9,Sniff*,10,Sniff,UL,,,,
2/21/2019 12:31,12,Sniff*,8,N/A,ML,,,,
2/21/2019 12:32,3,"Lunge, Chase, Sniff*",7,"Flee, Sniff",LL,,,,
2/21/2019 12:33,8,Chase,7,Flee,UL,,,,
2/21/2019 12:32,6,Sniff*,7,N/A,MR,,,,
2/21/2019 12:35,9,Sniff*,3,N/A,ML,,,,
2/21/2019 12:36,7,"Flee, Approach*, Sniff*",3,"Chase, Sniff",LL,,,,
2/21/2019 12:36,7,Chase,5,Flee,UL,,,,
2/21/2019 12:38,8,Allogroom*,1,N/A,UL,Want to see 3 and 8 interact ,,,
2/21/2019 12:38,6,Allogroom*,12,N/A,UL,,,,
2/21/2019 12:39,8,"Chase, Sniff*",1,Flee,UL,,,,
2/21/2019 12:39,11,Sniff*,5,N/A,MR,,,,
2/21/2019 12:40,11,"Chase, Approach*",8,Preemptive flee,LR,,,,
2/21/2019 12:40,8,Chase,5,Flee,MR,,,,
2/21/2019 12:40,11,"Bite/Fighting, Chase",8,Flee,LR,,,,
2/21/2019 12:41,11,"Bite/Fighting, Chase",1,"Flee, Subordinate posture",NB1,,,,
2/21/2019 12:41,8,Lunge,1,Flee,ML,,,,
2/21/2019 12:42,3,Bite/Fighting,1,Flee,ML,,,,
2/21/2019 12:43,6,Sniff*,7,Walk away,MR,,,,
2/21/2019 12:45,11,Sniff*,8,Preemptive flee,MR,,,,
2/21/2019 12:48,8,Bite/Fighting,1,Freeze/immobility,ML,,,,
2/21/2019 12:48,8,Bite/Fighting,1,"Subordinate posture, Freeze/immobility",ML,,,,
2/21/2019 12:49,8,Bite/Fighting,1,"Subordinate posture, Freeze/immobility",ML,,,,
2/21/2019 12:53,8,Chase,1,Flee,UL,,,,
2/21/2019 12:58,8,Chase,1,Flee,UL,,,,
2/21/2019 12:57,12,"Lunge, Bite/Fighting, Chase, Subordinate posture",8,"Lunge, Bite/Fighting, Flee, Subordinate posture",NB1,Wtf?,,,
2/21/2019 12:58,8,"Bite/Fighting, Chase",6,Flee,ML,,,,
2/21/2019 13:00,11,Lunge,12,"Subordinate posture, Freeze/immobility",NB1,12 currently filling out tube in NB1 with bedding (tube to LL),,,
2/21/2019 13:00,1,Lunge,1,Lunge,UL,WL,End,,
2/21/2019 13:03,1,Lunge,1,Lunge,UL,MD,Start,,
2/21/2019 13:04,8,Sniff*,9,N/A,UL,,,,
2/21/2019 13:04,10,Sniff*,8,Walk away,UL,,,,
2/21/2019 13:05,8,"Sniff*, Allogroom*",10,"Freeze/immobility, Walk away",UL,,,,
2/21/2019 13:05,8,"Chase, Mount",7,Flee,ML,,,,
2/21/2019 13:07,8,Sniff*,9,Walk away,UL,,,,
2/21/2019 13:07,8,Bite/Fighting,10,Subordinate posture,ML,"8 entered dome shelter and started fighting, there were already about 4 mice huddled in there so hard to tell who was being targeted",,,
2/21/2019 13:08,8,Sniff*,7,N/A,MR,,,,
2/21/2019 13:08,7,Sniff*,9,Walk away,MR,,,,
2/21/2019 13:09,7,Sniff*,10,Walk away,UR,,,,
2/21/2019 13:09,8,Sniff*,9,Walk away,UL,,,,
2/21/2019 13:10,7,Sniff*,6,Sniff,UL,,,,
2/21/2019 13:11,6,Sniff*,7,Sniff,UR,,,,
2/21/2019 13:12,7,"Chase, Allogroom*",6,"Flee, Freeze/immobility",UL,,,,
2/21/2019 13:12,7,"Chase, Mount, Allogroom*",10,"Flee, Subordinate posture, Freeze/immobility",UR,,,,
2/21/2019 13:13,5,Sniff*,11,N/A,NB4,,,,
2/21/2019 13:14,5,Mount,3,"Flee, Freeze/immobility",NB4,,,,
2/21/2019 13:14,11,"Bite/Fighting, Chase",1,Flee,LL,,,,
2/21/2019 13:15,12,Sniff*,8,N/A,NB4,,,,
2/21/2019 13:15,11,Chase,3,Flee,LR,,,,
2/21/2019 13:16,3,Sniff*,7,N/A,UR,,,,
2/21/2019 13:16,8,Sniff*,7,Sniff,UR,,,,
2/21/2019 13:16,11,"Sniff*, Allogroom*",5,N/A,NB4,,,,
2/21/2019 13:17,8,Sniff*,6,Walk away,MR,,,,
2/21/2019 13:17,6,Sniff*,8,Walk away,MR,,,,
2/21/2019 13:18,12,Sniff*,7,Sniff,UL,,,,
2/21/2019 13:18,9,Sniff*,7,Walk away,MR,,,,
2/21/2019 13:20,8,Bite/Fighting,1,"Flee, Subordinate posture",ML,,,,
2/21/2019 13:20,8,Chase,6,Flee,LL,,,,
2/21/2019 13:21,11,Sniff*,6,N/A,MR,,,,
2/21/2019 13:21,8,Sniff*,6,N/A,MR,,,,
2/21/2019 13:21,9,Sniff*,11,Walk away,MR,,,,
2/21/2019 13:22,3,"Bite/Fighting, Chase",1,Flee,LL,,,,
2/21/2019 13:22,3,Sniff*,6,Sniff,ML,,,,
2/21/2019 13:23,11,"Bite/Fighting, Chase",3,Flee,LL,,,,
2/21/2019 13:24,11,Sniff*,9,Subordinate posture,MR,,,,
2/21/2019 13:25,11,Sniff*,6,N/A,ML,,,,
2/21/2019 13:25,9,Sniff*,7,Sniff,MR,,,,
2/21/2019 13:26,11,"Bite/Fighting, Chase",7,Flee,NB2,,,,
2/21/2019 13:27,11,Sniff*,9,Walk away,MR,,,,
2/21/2019 13:26,11,Sniff*,5,N/A,ML,,,,
2/21/2019 13:28,8,Sniff*,11,N/A,MR,,,,
2/21/2019 13:29,5,Sniff*,7,Walk away,ML,,,,
2/21/2019 13:29,5,Sniff*,8,Sniff,UL,,,,
2/21/2019 13:29,8,Sniff*,5,Walk away,UL,,,,
2/21/2019 13:30,8,Sniff*,3,Sniff,UL,,,,
2/21/2019 13:31,3,Sniff*,10,Sniff,UL,,,,
2/21/2019 13:31,10,Sniff*,9,N/A,ML,,,,
2/21/2019 13:31,3,Sniff*,9,Walk away,MR,,,,
2/21/2019 13:33,9,Sniff*,5,Walk away,UL,,,,
2/21/2019 13:33,8,Sniff*,11,Sniff,MR,,,,
2/21/2019 13:34,6,Sniff*,12,N/A,MR,,,,
2/21/2019 13:34,8,Sniff*,6,N/A,MR,,,,
2/21/2019 13:34,11,Sniff*,8,Walk away,MR,,,,
2/21/2019 13:34,3,Sniff*,8,Walk away,MR,,,,
2/21/2019 13:35,6,Sniff*,7,Walk away,MR,,,,
2/21/2019 13:35,6,Sniff*,3,N/A,MR,,,,
2/21/2019 13:35,8,Sniff*,12,N/A,ML,,,,
2/21/2019 13:35,7,Sniff*,12,N/A,ML,,,,
2/21/2019 13:36,8,Sniff*,7,N/A,ML,,,,
2/21/2019 13:36,8,Sniff*,3,Sniff,MR,,,,
2/21/2019 13:36,6,Sniff*,7,Walk away,ML,,,,
2/21/2019 13:36,11,"Bite/Fighting, Chase",8,Flee,LL,,,,
2/21/2019 13:37,3,Sniff*,10,"Sniff, N/A",MR,,,,
2/21/2019 13:39,8,Sniff*,9,Sniff,MR,,,,
2/21/2019 13:40,9,"Chase, Sniff*",7,Flee,MR,,,,
2/21/2019 13:40,8,"Bite/Fighting, Mount",10,"Flee, Subordinate posture, Freeze/immobility",ML,,,,
2/21/2019 13:40,8,"Chase, Sniff*",5,Flee,UL,,,,
2/21/2019 13:41,11,"Bite/Fighting, Chase",12,"Flee, Subordinate posture",NB4,,,,
2/21/2019 13:41,11,"Lunge, Bite/Fighting",8,Subordinate posture,NB5,,,,
2/21/2019 13:42,11,"Lunge, Sniff*",12,Subordinate posture,NB5,,,,
2/21/2019 13:42,11,"Bite/Fighting, Chase, Sniff*",8,"Flee, Subordinate posture",NB1,,,,
2/21/2019 13:43,12,Sniff*,5,Walk away,NB5,,,,
2/21/2019 13:43,12,"Sniff*, Allogroom*",5,"Walk away, N/A",NB2,,,,
2/21/2019 13:44,11,Sniff*,12,Subordinate posture,NB2,,,,
2/21/2019 13:46,11,"Bite/Fighting, Chase",6,Flee,LR,,,,
2/21/2019 13:47,11,Sniff*,6,Walk away,ML,,,,
2/21/2019 13:47,11,"Bite/Fighting, Chase",3,Flee,LL,,,,
2/21/2019 13:47,8,Sniff*,3,N/A,ML,,,,
2/21/2019 13:47,8,Sniff*,5,N/A,ML,,,,
2/21/2019 13:48,10,Sniff*,3,N/A,ML,,,,
2/21/2019 13:49,11,Sniff*,3,Walk away,ML,,,,
2/21/2019 13:51,11,Sniff*,6,Walk away,MR,,,,
2/21/2019 13:53,11,Sniff*,9,N/A,ML,,,,
2/21/2019 13:54,10,Sniff*,12,N/A,ML,,,,
2/21/2019 13:54,3,Sniff*,11,N/A,ML,,,,
2/21/2019 13:54,3,Sniff*,8,N/A,ML,,,,
2/21/2019 13:54,11,Sniff*,3,Walk away,ML,,,,
2/21/2019 13:55,3,Sniff*,6,N/A,ML,,,,
2/21/2019 13:59,6,Approach*,1,Preemptive flee,UL,,,,
2/21/2019 14:03,1,Sniff*,6,N/A,UR,Maybe last observations wasnt a preemptive flee (it definitely looked like one but 1 clearly isnt always avoding 6),,,
2/21/2019 14:05,6,Sniff*,1,Walk away,UL,,,,
2/21/2019 14:07,1,Lunge,1,Lunge,UL,MD,End,,
2/22/2019 12:00,1,Lunge,1,Lunge,UL,Jpb,Start,,
2/22/2019 12:06,11,Sniff*,6,Walk away,UL,,,,
2/22/2019 12:08,8,Sniff*,7,N/A,MR,,,,
2/22/2019 12:11,8,"Lunge, Bite/Fighting",1,"Flee, Freeze/immobility",MR,,,,
2/22/2019 12:12,10,Mount,12,Walk away,MR,,,,
2/22/2019 12:24,10,Mount,12,Flee,ML,,,,
2/22/2019 12:28,12,Sniff*,5,"Subordinate posture, Freeze/immobility",LL,,,,
2/22/2019 12:29,7,"Lunge, Bite/Fighting",5,Flee,ML,,,,
2/22/2019 12:34,7,Sniff*,5,Flee,UL,,,,
2/22/2019 12:35,11,"Lunge, Bite/Fighting",9,"Subordinate posture, Freeze/immobility",NB2,,,,
2/22/2019 12:39,8,Chase,10,Flee,ML,,,,
2/22/2019 12:45,10,Sniff*,12,Walk away,UL,,,,
2/22/2019 12:46,10,Mount,12,Walk away,UR,,,,
2/22/2019 12:51,10,Mount,12,Walk away,MR,,,,
2/22/2019 12:51,11,"Bite/Fighting, Chase",8,Flee,ML,,,,
2/22/2019 12:53,6,Sniff*,12,Walk away,ML,,,,
2/22/2019 12:56,11,"Lunge, Bite/Fighting",6,"Subordinate posture, Freeze/immobility",NB3,,,,
2/22/2019 13:00,1,Lunge,1,Lunge,UL,Jpb,End,,
2/22/2019 13:02,1,Lunge,1,Lunge,UL,tmm,Start,,
2/22/2019 13:06,11,Chase,12,"Flee, Subordinate posture, Freeze/immobility",LL,,,,
2/22/2019 13:06,11,"Lunge, Bite/Fighting",10,Freeze/immobility,MR,,,,
2/22/2019 13:08,6,Sniff*,3,N/A,ML,,,,
2/22/2019 13:10,10,Mount,12,Subordinate posture,MR,,,,
2/22/2019 13:11,11,"Bite/Fighting, Chase",12,"Flee, Subordinate posture",NB1,,,,
2/22/2019 13:12,8,"Sniff*, Allogroom*",9,N/A,MR,,,,
2/22/2019 13:13,11,Approach*,9,Flee,MR,,,,
2/22/2019 13:15,11,"Lunge, Sniff*",10,"Flee, Freeze/immobility",MR,,,,
2/22/2019 13:16,6,Sniff*,10,Walk away,ML,,,,
2/22/2019 13:19,9,Sniff*,6,N/A,UL,,,,
2/22/2019 13:19,8,Bite/Fighting,1,Flee,MR,,,,
2/22/2019 13:22,10,Sniff*,9,Walk away,ML,,,,
2/22/2019 13:22,10,"Lunge, Chase",10,Flee,MR,,,,
2/22/2019 13:25,9,Sniff*,8,Sniff,ML,,,,
2/22/2019 13:34,10,"Sniff*, Allogroom*",7,Walk away,UL,my dead grandmother's fight ability > this cohorts fighting ability,,,
2/22/2019 13:37,9,Sniff*,7,Walk away,UR,,,,
2/22/2019 13:38,6,Sniff*,7,Walk away,ML,,,,
2/22/2019 13:40,6,Sniff*,5,"Sniff, Walk away",UL,,,,
2/22/2019 13:42,12,Allogroom*,1,N/A,ML,,,,
2/22/2019 13:42,7,"Lunge, Sniff*",10,Flee,LL,,,,
2/22/2019 13:44,7,"Bite/Fighting, Chase",5,"Flee, Subordinate posture, Freeze/immobility",LL,,,,
2/22/2019 13:49,3,Sniff*,9,Walk away,ML,,,,
2/22/2019 13:50,7,"Chase, Mount",10,Flee,MR,,,,
2/22/2019 13:51,7,Bite/Fighting,6,Bite/Fighting,ML,6 didnt flee just kind of walked away,,,
2/22/2019 13:52,9,"Lunge, Sniff*",1,Freeze/immobility,ML,,,,
2/22/2019 13:53,10,Chase,12,"Flee, Subordinate posture, Freeze/immobility",LR,,,,
2/22/2019 13:55,10,"Mount, Sniff*",3,"Flee, Freeze/immobility",UL,,,,
2/22/2019 13:55,7,Sniff*,8,Sniff,LL,,,,
2/22/2019 13:56,10,"Bite/Fighting, Chase, Mount",12,"Flee, Subordinate posture",UR,,,,
2/22/2019 13:57,10,Mount,12,Freeze/immobility,MR,again ,,,
2/22/2019 13:57,6,Sniff*,8,N/A,MR,,,,
2/22/2019 13:58,8,"Chase, Mount",10,Flee,UR,,,,
2/22/2019 13:58,8,Mount,7,"Flee, Subordinate posture",MR,,,,
2/22/2019 14:00,1,Lunge,1,Lunge,UL,tmm,End,,
2/23/2019 13:07,1,Lunge,1,Lunge,UL,tmm,Start,,
2/23/2019 13:08,11,Approach*,5,Preemptive flee,LL,,,,
2/23/2019 13:10,8,Sniff*,6,Walk away,UL,,,,
2/23/2019 13:10,10,Mount,12,Freeze/immobility,ML,,,,
2/23/2019 13:10,11,Bite/Fighting,3,Subordinate posture,NB5,,,,
2/23/2019 13:11,8,Mount,10,Flee,ML,,,,
2/23/2019 13:12,8,Mount,5,Flee,UL,,,,
2/23/2019 13:13,10,Mount,12,Flee,UR,,,,
2/23/2019 13:14,8,Chase,1,Flee,UL,7 is so fat,,,
2/23/2019 13:15,10,"Bite/Fighting, Chase",5,"Flee, Subordinate posture",MR,,,,
2/23/2019 13:20,1,"Chase, Sniff*, Allogroom*",5,Flee,UL,,,,
2/23/2019 13:20,8,"Chase, Mount",5,Flee,ML,,,,
2/23/2019 13:22,10,"Bite/Fighting, Chase",5,Flee,UR,,,,
2/23/2019 13:22,11,"Bite/Fighting, Chase",6,"Flee, Freeze/immobility",LR,,,,
2/23/2019 13:23,8,Sniff*,7,Walk away,UL,,,,
2/23/2019 13:25,11,Chase,8,Flee,LL,,,,
2/23/2019 13:26,8,Chase,1,Flee,UL,,,,
2/23/2019 13:27,11,"Chase, Allogroom*",12,Flee,LL,,,,
2/23/2019 13:30,9,Allogroom*,1,N/A,ML,,,,
2/23/2019 13:31,10,Mount,12,Flee,ML,,,,
2/23/2019 13:33,10,Bite/Fighting,12,Flee,MR,,,,
2/23/2019 13:33,3,Bite/Fighting,12,Subordinate posture,NB2,,,,
2/23/2019 13:34,11,"Bite/Fighting, Sniff*",8,"Flee, Subordinate posture, Freeze/immobility",LL,,,,
2/23/2019 13:39,8,"Sniff*, Walk away",9,N/A,ML,,,,
2/23/2019 13:40,10,Mount,12,Freeze/immobility,UL,,,,
2/23/2019 13:42,11,"Bite/Fighting, Chase",9,"Flee, Freeze/immobility",LR,,,,
2/23/2019 13:46,10,"Bite/Fighting, Mount",12,Subordinate posture,NB3,6 mice are sleeping in the dome in ML. How are they fitting?,,,
2/23/2019 13:47,10,"Bite/Fighting, Chase",9,"Flee, Subordinate posture",LL,,,,
2/23/2019 13:47,8,"Bite/Fighting, Mount",9,Flee,ML,,,,
2/23/2019 13:48,8,"Mount, Sniff*, Allogroom*",10,"Flee, Freeze/immobility",MR,,,,
2/23/2019 13:51,10,Mount,12,"Flee, Freeze/immobility",UR,,,,
2/23/2019 13:52,11,"Bite/Fighting, Chase",10,"Flee, Subordinate posture",NB3,,,,
2/23/2019 13:52,11,Bite/Fighting,12,Subordinate posture,NB3,,,,
2/23/2019 13:54,11,"Bite/Fighting, Chase",9,"Flee, Freeze/immobility",MR,,,,
2/23/2019 13:57,8,"Bite/Fighting, Mount",10,Flee,ML,,,,
2/23/2019 13:56,10,Mount,12,Flee,ML,,,,
2/23/2019 13:58,8,Mount,12,Flee,ML,,,,
2/23/2019 13:58,11,"Bite/Fighting, Chase",7,Flee,MR,,,,
2/23/2019 13:59,8,Mount,10,"Flee, Freeze/immobility",ML,,,,
2/23/2019 14:00,11,"Chase, Sniff*",10,Flee,UL,,,,
2/23/2019 14:00,10,Bite/Fighting,12,Subordinate posture,LL,,,,
2/23/2019 14:01,11,Bite/Fighting,10,Subordinate posture,ML,,,,
2/23/2019 14:01,11,Chase,7,Flee,UL,,,,
2/23/2019 14:02,10,Mount,12,Subordinate posture,LL,,,,
2/23/2019 14:04,11,"Bite/Fighting, Chase",6,"Flee, Subordinate posture",LL,,,,
2/23/2019 14:04,10,"Chase, Mount",12,"Flee, Subordinate posture",LL,,,,
2/23/2019 14:05,1,Lunge,1,Lunge,UL,tmm - can't remember if I signed in. ,End,,
2/23/2019 15:37,1,Lunge,1,Lunge,UL,MD,Start,,
2/23/2019 15:38,11,Sniff*,8,N/A,UR,,,,
2/23/2019 15:39,8,Sniff*,1,Walk away,ML,,,,
2/23/2019 15:39,8,Sniff*,7,N/A,LR,,,,
2/23/2019 15:41,9,Sniff*,10,Walk away,ML,,,,
2/23/2019 15:42,11,Sniff*,9,N/A,UR,,,,
2/23/2019 15:43,3,Sniff*,9,N/A,MR,,,,
2/23/2019 15:45,11,Sniff*,7,N/A,MR,,,,
2/23/2019 15:48,8,Sniff*,6,N/A,UL,,,,
2/23/2019 15:49,11,Sniff*,5,Walk away,LL,,,,
2/23/2019 15:50,11,Sniff*,5,Subordinate posture,LL,,,,
2/23/2019 15:52,8,Bite/Fighting,5,"Flee, Subordinate posture",NB2,,,,
2/23/2019 15:54,8,Sniff*,7,N/A,UL,,,,
2/23/2019 15:55,11,"Bite/Fighting, Chase",3,"Flee, Subordinate posture",LL,,,,
2/23/2019 15:55,11,"Lunge, Bite/Fighting",3,Subordinate posture,NB5,,,,
2/23/2019 15:57,8,Bite/Fighting,5,Subordinate posture,ML,,,,
2/23/2019 15:57,11,"Bite/Fighting, Chase",3,Flee,LR,,,,
2/23/2019 15:58,8,Allogroom*,10,"Freeze/immobility, Walk away",ML,,,,
2/23/2019 15:58,8,Sniff*,7,"Subordinate posture, Walk away",LL,,,,
2/23/2019 15:59,11,Bite/Fighting,8,Flee,LL,,,,
2/23/2019 16:05,8,Sniff*,5,Walk away,UL,,,,
2/23/2019 16:05,11,Sniff*,8,N/A,MR,,,,
2/23/2019 16:06,10,Mount,12,Freeze/immobility,ML,,,,
2/23/2019 16:06,8,Allogroom*,10,N/A,ML,,,,
2/23/2019 16:11,10,Mount,12,Freeze/immobility,ML,,,,
2/23/2019 16:12,11,Sniff*,7,Subordinate posture,MR,,,,
2/23/2019 16:14,11,Sniff*,5,Subordinate posture,LR,,,,
2/23/2019 16:18,10,Sniff*,7,Walk away,MR,,,,
2/23/2019 16:19,10,Sniff*,6,N/A,MR,,,,
2/23/2019 16:23,8,Sniff*,5,N/A,UL,,,,
2/23/2019 16:27,7,Sniff*,8,N/A,MR,,,,
2/23/2019 16:29,7,Sniff*,9,Walk away,LR,,,,
2/23/2019 16:32,11,Sniff*,3,Walk away,LR,,,,
2/23/2019 16:35,11,Sniff*,6,N/A,MR,,,,
2/23/2019 16:36,1,Lunge,1,Lunge,UL,MD,End,,
2/24/2019 12:01,1,Lunge,1,Lunge,UL,Jpb,Start,,
2/24/2019 12:02,11,"Chase, Sniff*",8,Flee,MR,,,,
2/24/2019 12:04,10,Allogroom*,12,N/A,MR,,,,
2/24/2019 12:08,11,Sniff*,12,Flee,UL,,,,
2/24/2019 12:10,7,"Lunge, Chase",10,Flee,LL,,,,
2/24/2019 12:11,7,Sniff*,12,Walk away,LR,,,,
2/24/2019 12:13,11,"Lunge, Bite/Fighting",9,Freeze/immobility,NB5,,,,
2/24/2019 12:16,10,Sniff*,12,Walk away,LR,,,,
2/24/2019 12:17,11,"Lunge, Chase",12,Flee,MR,,,,
2/24/2019 12:22,10,Sniff*,9,"Subordinate posture, Freeze/immobility",ML,,,,
2/24/2019 12:28,10,"Lunge, Chase",9,Flee,ML,,,,
2/24/2019 12:32,6,Mount,12,N/A,LL,,,,
2/24/2019 12:46,11,"Chase, Sniff*",3,"Flee, Freeze/immobility",LL,,,,
2/24/2019 12:50,6,Mount,12,Walk away,ML,,,,
2/24/2019 12:53,8,Sniff*,1,Walk away,ML,,,,
2/24/2019 12:56,11,"Chase, Sniff*",1,Flee,UL,,,,
2/24/2019 12:57,1,Mount,12,Walk away,UL,,,,
2/24/2019 12:59,8,"Chase, Sniff*",6,Flee,ML,,,,
2/24/2019 13:01,1,Lunge,1,Lunge,UL,Jpb,End,,
2/24/2019 14:00,1,Lunge,1,Lunge,UL,Tmm,Start,,
2/24/2019 14:04,7,Chase,10,Flee,MR,,,,
2/24/2019 14:05,7,Sniff*,6,Sniff,UR,,,,
2/24/2019 14:09,10,Sniff*,3,Walk away,ML,,,,
2/24/2019 14:10,7,Lunge,10,"Flee, Freeze/immobility",MR,,,,
2/24/2019 14:11,8,Sniff*,9,Walk away,UR,,,,
2/24/2019 14:11,7,Chase,10,Flee,LL,,,,
2/24/2019 14:12,10,"Bite/Fighting, Chase, Mount",9,"Flee, Freeze/immobility",LR,,,,
2/24/2019 14:12,7,"Bite/Fighting, Chase",6,Flee,LL,,,,
2/24/2019 14:14,8,"Sniff*, Walk away",9,Sniff,UL,,,,
2/24/2019 14:14,10,"Chase, Mount",9,"Flee, Subordinate posture, Freeze/immobility",UL,,,,
2/24/2019 14:15,8,"Bite/Fighting, Chase",10,Flee,ML,,,,
2/24/2019 14:16,8,"Chase, Mount",7,"Flee, Subordinate posture, Freeze/immobility",LR,,,,
2/24/2019 14:18,8,"Chase, Sniff*",9,"Flee, Freeze/immobility",UL,,,,
2/24/2019 14:19,11,Sniff*,8,Freeze/immobility,MR,,,,
2/24/2019 14:19,11,Chase,9,Flee,UR,,,,
2/24/2019 14:20,10,Chase,9,Flee,UL,,,,
2/24/2019 14:25,11,"Sniff*, Allogroom*",8,N/A,UL,,,,
2/24/2019 14:30,3,Sniff*,7,N/A,UR,,,,
2/24/2019 14:33,11,Bite/Fighting,6,Subordinate posture,NB5,,,,
2/24/2019 14:37,6,"Sniff*, Walk away",3,N/A,UL,7 mice are sleeping in a row in ML ,,,
2/24/2019 14:39,3,"Freeze/immobility, Sniff*",11,"Bite/Fighting, Sniff",UL,,,,
2/24/2019 14:41,10,Mount,12,Freeze/immobility,ML,,,,
2/24/2019 14:44,11,Chase,10,Flee,UR,,,,
2/24/2019 14:46,11,"Lunge, Chase",12,Flee,LL,,,,
2/24/2019 14:47,11,Sniff*,8,Walk away,ML,,,,
2/24/2019 14:47,11,"Bite/Fighting, Sniff*",8,Subordinate posture,ML,,,,
2/24/2019 14:48,11,Chase,10,"Flee, Freeze/immobility",ML,,,,
2/24/2019 14:51,10,Chase,8,Flee,UR,,,,
2/24/2019 14:51,11,Chase,10,Flee,UL,,,,
2/24/2019 14:52,10,"Chase, Mount",12,Flee,ML,,,,
2/24/2019 14:52,11,"Bite/Fighting, Chase",6,"Flee, Subordinate posture, Freeze/immobility",LR,,,,
2/24/2019 14:53,11,"Lunge, Chase",12,"Flee, Subordinate posture",LL,,,,
2/24/2019 14:54,6,"Flee, Sniff*",11,"Bite/Fighting, Chase, Sniff",MR,,,,
2/24/2019 14:55,1,"Bite/Fighting, Chase",5,Flee,ML,,,,
2/24/2019 14:56,11,"Chase, Allogroom*",6,"Flee, Freeze/immobility",MR,,,,
2/24/2019 14:57,12,Sniff*,5,Sniff,ML,,,,
2/24/2019 14:57,1,Mount,3,Flee,UL,,,,
2/24/2019 15:00,1,Lunge,1,Lunge,UL,Tmm,End,,
2/25/2019 12:01,1,Lunge,1,Lunge,UL,Jpb,Start,,
2/25/2019 12:02,1,"Chase, Sniff*",10,Flee,UR,,,,
2/25/2019 12:03,6,Sniff*,3,Walk away,ML,,,,
2/25/2019 12:09,8,"Lunge, Chase",12,Flee,LR,,,,
2/25/2019 12:09,11,"Chase, Sniff*",8,Flee,MR,,,,
2/25/2019 12:39,11,"Lunge, Bite/Fighting",12,Freeze/immobility,NB5,,,,
2/25/2019 12:39,11,"Lunge, Bite/Fighting",1,Freeze/immobility,NB5,,,,
2/25/2019 12:40,3,"Lunge, Bite/Fighting",1,Freeze/immobility,ML,,,,
2/25/2019 12:44,3,Approach*,1,Freeze/immobility,ML,,,,
2/25/2019 12:47,10,Mount,12,Walk away,UL,,,,
2/25/2019 12:50,10,Mount,12,Walk away,ML,,,,
2/25/2019 12:54,7,"Chase, Sniff*",1,Flee,UL,,,,
2/25/2019 12:55,11,"Chase, Sniff*",10,Flee,UL,,,,
2/25/2019 12:58,11,"Lunge, Bite/Fighting",3,"Flee, Freeze/immobility",NB2,,,,
2/25/2019 13:00,1,Lunge,1,Lunge,UL,Jpb,End,,
2/25/2019 13:50,1,Lunge,1,Lunge,UL,WL,Start,,
2/25/2019 13:54,10,Sniff*,12,Walk away,ML,Almost mounted but 12 went to mice huddle pile,,,
2/25/2019 13:55,10,Sniff*,12,Walk away,ML,,,,
2/25/2019 13:56,10,"Bite/Fighting, Chase",1,Flee,ML,,,,
2/25/2019 13:59,11,Sniff*,12,Freeze/immobility,NB4,Frozen in the tube,,,
2/25/2019 13:59,11,"Bite/Fighting, Chase",12,"Subordinate posture, Freeze/immobility, Preemptive flee",NB4,,,,
2/25/2019 14:03,11,Bite/Fighting,1,Freeze/immobility,ML,,,,
2/25/2019 14:05,1,Sniff*,12,Walk away,UR,,,,
2/25/2019 14:05,6,Sniff*,5,Walk away,LR,,,,
2/25/2019 14:06,11,Sniff*,5,,LR,,,,
2/25/2019 14:06,11,"Chase, Approach*",6,Preemptive flee,LR,,,,
2/25/2019 14:08,11,"Chase, Sniff*",12,"Flee, Freeze/immobility",LL,,,,
2/25/2019 14:08,5,"Flee, Approach*",1,"Chase, Sniff",UR,,,,
2/25/2019 14:08,1,Bite/Fighting,5,Freeze/immobility,ML,,,,
2/25/2019 14:11,5,"Flee, Subordinate posture, Freeze/immobility, Approach*",10,"Bite/Fighting, Chase, Sniff",ML,,,,
2/25/2019 14:12,10,"Bite/Fighting, Chase",5,"Flee, Subordinate posture",ML,,,,
2/25/2019 14:12,12,"Bite/Fighting, Sniff*",5,"Flee, Subordinate posture",LL,,,,
2/25/2019 14:13,11,Chase,12,"Flee, Subordinate posture",LL,,,,
2/25/2019 14:13,11,Bite/Fighting,12,Subordinate posture,LL,,,,
2/25/2019 14:14,10,Bite/Fighting,6,Freeze/immobility,ML,,,,
2/25/2019 14:14,1,Sniff*,6,Sniff,ML,,,,
2/25/2019 14:15,11,Sniff*,1,Walk away,UL,,,,
2/25/2019 14:16,5,"Flee, Approach*",1,Chase,ML,,,,
2/25/2019 14:17,3,Sniff*,6,Walk away,ML,,,,
2/25/2019 14:17,1,Chase,5,Flee,UL,,,,
2/25/2019 14:17,3,Bite/Fighting,1,Flee,ML,,,,
2/25/2019 14:18,1,Chase,5,Flee,ML,,,,
2/25/2019 14:20,6,Sniff*,3,Walk away,ML,,,,
2/25/2019 14:20,10,"Chase, Sniff*",5,"Flee, Freeze/immobility",ML,,,,
2/25/2019 14:21,3,Sniff*,7,N/A,ML,,,,
2/25/2019 14:21,5,Sniff*,8,,MR,,,,
2/25/2019 14:21,10,Sniff*,8,N/A,MR,,,,
2/25/2019 14:22,11,Sniff*,8,Walk away,UR,,,,
2/25/2019 14:22,3,Sniff*,8,Sniff,UR,,,,
2/25/2019 14:24,12,Sniff*,7,N/A,ML,,,,
2/25/2019 14:24,3,Sniff*,7,Walk away,UL,,,,
2/25/2019 14:25,10,"Bite/Fighting, Chase, Sniff*, Allogroom*",5,"Flee, Freeze/immobility",UR,,,,
2/25/2019 14:25,10,Chase,12,Flee,ML,,,,
2/25/2019 14:26,1,Bite/Fighting,5,Freeze/immobility,ML,,,,
2/25/2019 14:26,11,Sniff*,12,,NB1,,,,
2/25/2019 14:27,1,Bite/Fighting,5,"Subordinate posture, Freeze/immobility",ML,,,,
2/25/2019 14:28,6,"Bite/Fighting, Sniff*",7,Flee,UR,,,,
2/25/2019 14:29,1,"Bite/Fighting, Chase",5,Flee,ML,,,,
2/25/2019 14:30,8,"Chase, Sniff*",1,Flee,ML,,,,
2/25/2019 14:30,6,Sniff*,8,N/A,UR,,,,
2/25/2019 14:31,11,"Bite/Fighting, Sniff*",6,"Subordinate posture, Freeze/immobility",NB5,,,,
2/25/2019 14:33,8,Chase,12,Flee,LL,,,,
2/25/2019 14:33,10,Sniff*,1,,ML,Aggressive sniff ,,,
2/25/2019 14:35,10,Chase,9,Flee,MR,Does 3 and 8 ever fight,,,
2/25/2019 14:35,8,"Bite/Fighting, Chase",10,"Flee, Freeze/immobility",UL,,,,
2/25/2019 14:36,6,Lunge,3,Walk away,ML,,,,
2/25/2019 14:36,8,Bite/Fighting,5,"Subordinate posture, Freeze/immobility",ML,,,,
2/25/2019 14:36,8,Chase,10,Flee,ML,,,,
2/25/2019 14:38,8,Chase,6,Flee,MR,,,,
2/25/2019 14:40,7,"Sniff*, Allogroom*",12,,LL,,,,
2/25/2019 14:41,8,Sniff*,3,Sniff,UL,Just very brief sniff then they go their own way,,,
2/25/2019 14:43,8,"Chase, Mount",12,"Flee, Freeze/immobility",UL,Whats up with everyones obsession of mounting 12?,,,
2/25/2019 14:44,11,"Chase, Sniff*",8,"Flee, Freeze/immobility",LL,,,,
2/25/2019 14:45,7,"Bite/Fighting, Chase",3,"Flee, Freeze/immobility",ML,Saw it saw it,,,
2/25/2019 14:46,8,Chase,6,Flee,UL,,,,
2/25/2019 14:49,9,"Flee, Sniff*",7,"Chase, Sniff",ML,,,,
2/25/2019 14:49,9,Sniff*,7,Walk away,UR,,,,
2/25/2019 14:49,9,Sniff*,5,Walk away,MR,Almost chase,,,
2/25/2019 14:50,1,Lunge,1,Lunge,UL,WL,End,,
2/25/2019 15:17,7,Chase,10,Flee,LL,WL,,Yes,
2/25/2019 15:23,12,Chase,5,Flee,LL,WL,,Yes,
2/25/2019 15:23,11,Chase,6,Flee,ML,WL,,Yes,
2/26/2019 11:01,1,Lunge,1,Lunge,UL,MD,Start,,
2/26/2019 11:05,11,Sniff*,12,N/A,ML,11 crawled on top of all of the mice huddled together /sleeping,,,
2/26/2019 11:05,1,Sniff*,12,N/A,MR,,,,
2/26/2019 11:06,11,Sniff*,3,Walk away,ML,,,,
2/26/2019 11:06,11,Sniff*,12,Walk away,ML,,,,
2/26/2019 11:07,11,"Sniff*, Allogroom*",12,Walk away,ML,,,,
2/26/2019 11:07,11,Sniff*,3,Walk away,ML,,,,
2/26/2019 11:09,11,Sniff*,5,N/A,NB5,,,,
2/26/2019 11:14,11,Sniff*,3,Sniff,UL,,,,
2/26/2019 11:14,11,Sniff*,3,Walk away,UL,,,,
2/26/2019 11:18,11,"Bite/Fighting, Chase",3,Flee,LL,3 approached 11,,,
2/26/2019 11:21,5,Allogroom*,3,N/A,NB5,,,,
2/26/2019 11:24,11,"Chase, Sniff*",7,Flee,MR,,,,
2/26/2019 11:30,11,Sniff*,5,Sniff,NB3,,,,
2/26/2019 11:31,5,Sniff*,12,Sniff,NB5,,,,
2/26/2019 11:37,10,Sniff*,8,N/A,ML,,,,
2/26/2019 11:37,10,Sniff*,5,N/A,ML,,,,
2/26/2019 11:37,8,Sniff*,7,N/A,ML,,,,
2/26/2019 11:38,9,Sniff*,8,N/A,ML,,,,
2/26/2019 11:38,11,Sniff*,7,Walk away,MR,,,,
2/26/2019 11:39,11,Sniff*,1,Subordinate posture,ML,1 is in dome. Squeaking and sub posture,,,
2/26/2019 11:39,11,Sniff*,12,N/A,UL,,,,
2/26/2019 11:40,11,Sniff*,12,N/A,UL,,,,
2/26/2019 11:41,10,Sniff*,7,Sniff,MR,,,,
2/26/2019 11:41,11,"Chase, Approach*, Sniff*",10,Flee,MR,,,,
2/26/2019 11:42,5,Sniff*,12,Walk away,ML,,,,
2/26/2019 11:42,11,"Chase, Sniff*",10,Flee,ML,,,,
2/26/2019 11:43,11,Sniff*,12,Walk away,UL,,,,
2/26/2019 11:43,8,Sniff*,10,Walk away,UL,,,,
2/26/2019 11:44,11,Sniff*,5,N/A,ML,,,,
2/26/2019 11:43,10,Sniff*,12,N/A,UL,,,,
2/26/2019 11:44,9,Sniff*,5,Walk away,ML,,,,
2/26/2019 11:44,8,"Chase, Mount",10,"Flee, Subordinate posture",UR,,,,
2/26/2019 11:45,11,Sniff*,12,Walk away,LR,,,,
2/26/2019 11:45,8,Sniff*,6,Walk away,MR,,,,
2/26/2019 11:45,8,Sniff*,6,Walk away,MR,,,,
2/26/2019 11:46,7,Chase,12,Flee,LL,,,,
2/26/2019 11:46,6,Sniff*,7,Walk away,ML,,,,
2/26/2019 11:46,6,Sniff*,12,N/A,UL,,,,
2/26/2019 11:47,9,Sniff*,8,N/A,UL,,,,
2/26/2019 11:48,5,Sniff*,7,Walk away,ML,,,,
2/26/2019 11:48,8,"Chase, Sniff*",10,Flee,UL,,,,
2/26/2019 11:49,11,"Bite/Fighting, Chase",7,Flee,NB2,,,,
2/26/2019 11:49,11,Bite/Fighting,7,Subordinate posture,NB3,,,,
2/26/2019 11:50,11,Chase,7,Flee,MR,,,,
2/26/2019 11:51,11,Sniff*,5,Walk away,UR,,,,
2/26/2019 11:51,11,Sniff*,5,Walk away,UL,,,,
2/26/2019 11:51,6,Sniff*,11,N/A,UR,,,,
2/26/2019 11:52,11,Chase,9,Flee,ML,,,,
2/26/2019 11:52,11,Sniff*,5,Walk away,UL,,,,
2/26/2019 11:53,6,Sniff*,12,N/A,MR,,,,
2/26/2019 11:53,6,Sniff*,12,Walk away,MR,,,,
2/26/2019 11:53,7,Sniff*,12,Walk away,ML,,,,
2/26/2019 11:53,12,Sniff*,7,N/A,ML,,,,
2/26/2019 11:54,8,Sniff*,7,Walk away,ML,,,,
2/26/2019 11:54,8,Sniff*,9,Sniff,MR,,,,
2/26/2019 11:54,9,Sniff*,7,Walk away,MR,,,,
2/26/2019 11:55,11,Chase,8,Flee,LL,,,,
2/26/2019 11:55,11,Sniff*,5,N/A,MR,,,,
2/26/2019 11:55,5,Sniff*,12,N/A,MR,,,,
2/26/2019 11:56,6,Sniff*,11,N/A,MR,A lot of sniffing,,,
2/26/2019 11:56,5,Sniff*,6,N/A,MR,,,,
2/26/2019 11:56,3,Sniff*,7,N/A,MR,,,,
2/26/2019 11:57,8,"Chase, Sniff*",1,Flee,UL,,,,
2/26/2019 11:57,8,Sniff*,3,Walk away,MR,,,,
2/26/2019 11:57,8,Mount,3,"Flee, Freeze/immobility",MR,,,,
2/26/2019 11:58,10,Sniff*,12,Sniff,MR,,,,
2/26/2019 11:58,8,"Bite/Fighting, Chase",3,"Flee, Subordinate posture",LL,,,,
2/26/2019 11:59,5,Sniff*,10,N/A,MR,,,,
2/26/2019 11:59,11,Sniff*,5,Walk away,LL,,,,
2/26/2019 12:00,10,Mount,12,Flee,MR,Tried to mount,,,
2/26/2019 12:00,1,Lunge,1,Lunge,UL,MD,End,,
2/26/2019 12:00,1,Lunge,1,Lunge,UL,WL,Start,,
2/26/2019 12:01,11,Chase,1,Flee,UR,,,,
2/26/2019 12:01,11,"Chase, Sniff*",5,"Flee, Freeze/immobility",ML,,,,
2/26/2019 12:02,6,Sniff*,3,N/A,MR,I can see a bite mark on 3s head,,,
2/26/2019 12:03,8,Chase,1,Flee,UL,,,,
2/26/2019 12:07,5,Sniff*,8,Freeze/immobility,UL,Frozen for a while ,,,
2/26/2019 12:08,3,Sniff*,1,N/A,UL,Busy eating ,,,
2/26/2019 12:08,6,Sniff*,7,Walk away,UL,,,,
2/26/2019 12:09,8,Chase,12,Flee,UL,,,,
2/26/2019 12:10,8,"Bite/Fighting, Chase, Allogroom*",10,"Flee, Subordinate posture, Freeze/immobility",UL,,,,
2/26/2019 12:10,8,Approach*,10,Subordinate posture,ML,,,,
2/26/2019 12:10,8,"Bite/Fighting, Chase",1,"Flee, Freeze/immobility",ML,,,,
2/26/2019 12:11,7,Sniff*,5,N/A,UL,,,,
2/26/2019 12:11,12,Sniff*,9,Sniff,ML,,,,
2/26/2019 12:12,10,Sniff*,12,Walk away,UL,,,,
2/26/2019 12:13,8,"Bite/Fighting, Chase",10,"Flee, Subordinate posture, Freeze/immobility",UL,,,,
2/26/2019 12:13,1,"Flee, Sniff*",6,Chase,UR,,,,
2/26/2019 12:14,8,"Bite/Fighting, Chase",1,Flee,UL,,,,
2/26/2019 12:17,8,Chase,7,Flee,LL,,,,
2/26/2019 12:18,10,Sniff*,12,Walk away,ML,,,,
2/26/2019 12:18,10,Allogroom*,7,N/A,ML,,,,
2/26/2019 12:19,7,Chase,1,Flee,ML,Brief,,,
2/26/2019 12:19,10,Sniff*,12,Walk away,MR,,,,
2/26/2019 12:20,10,Sniff*,12,Walk away,UR,,,,
2/26/2019 12:21,8,Chase,3,Flee,UL,,,,
2/26/2019 12:21,8,Bite/Fighting,1,Flee,UL,,,,
2/26/2019 12:23,8,Chase,1,Flee,UL,,,,
2/26/2019 12:25,8,"Bite/Fighting, Chase",10,Flee,LL,,,,
2/26/2019 12:25,10,"Chase, Sniff*",12,"Flee, Walk away",ML,,,,
2/26/2019 12:25,8,Approach*,1,Preemptive flee,ML,,,,
2/26/2019 12:26,11,Chase,7,Flee,LR,,,,
2/26/2019 12:26,8,"Bite/Fighting, Chase",3,Freeze/immobility,MR,,,,
2/26/2019 12:26,11,"Bite/Fighting, Chase",8,Flee,MR,,,,
2/26/2019 12:27,11,Chase,10,Flee,LR,,,,
2/26/2019 12:28,8,"Bite/Fighting, Chase",12,"Flee, Freeze/immobility",NB5,,,,
2/26/2019 12:28,11,Chase,8,Flee,LR,,,,
2/26/2019 12:29,8,Chase,1,"Flee, Freeze/immobility",UR,,,,
2/26/2019 12:30,11,Lunge,12,Flee,NB5,,,,
2/26/2019 12:31,6,"Flee, Sniff*",7,"Chase, Sniff",LR,,,,
2/26/2019 12:31,7,"Bite/Fighting, Chase",9,"Flee, Freeze/immobility",ML,,,,
2/26/2019 12:31,8,Chase,1,"Flee, Freeze/immobility",ML,,,,
2/26/2019 12:31,7,"Bite/Fighting, Chase",9,Flee,ML,,,,
2/26/2019 12:32,7,Sniff*,8,Sniff,ML,,,,
2/26/2019 12:32,8,"Bite/Fighting, Chase",5,"Flee, Freeze/immobility",ML,,,,
2/26/2019 12:32,8,Chase,9,Flee,ML,,,,
2/26/2019 12:33,1,"Bite/Fighting, Chase",5,Flee,UL,,,,
2/26/2019 12:35,11,Allogroom*,5,,NB5,,,,
2/26/2019 12:35,10,Bite/Fighting,9,Freeze/immobility,ML,,,,
2/26/2019 12:35,10,Bite/Fighting,1,Flee,ML,,,,
2/26/2019 12:36,7,"Bite/Fighting, Chase",1,Flee,UL,,,,
2/26/2019 12:37,3,Sniff*,10,Sniff,LR,,,,
2/26/2019 12:38,8,"Bite/Fighting, Chase, Mount, Sniff*",12,"Subordinate posture, Freeze/immobility",LL,,,,
2/26/2019 12:39,11,"Lunge, Chase",8,"Flee, Freeze/immobility",LL,,,,
2/26/2019 12:39,11,"Chase, Sniff*",10,Flee,MR,,,,
2/26/2019 12:41,10,Mount,12,Freeze/immobility,ML,,,,
2/26/2019 12:42,11,"Chase, Sniff*",1,Preemptive flee,LR,,,,
2/26/2019 12:43,11,Chase,9,Flee,LL,,,,
2/26/2019 12:44,11,Chase,1,Flee,UR,,,,
2/26/2019 12:44,7,Sniff*,1,Preemptive flee,ML,,,,
2/26/2019 12:46,8,Sniff*,3,Sniff,ML,,,,
2/26/2019 12:49,7,Chase,7,Flee,ML,,,,
2/26/2019 12:50,11,Bite/Fighting,3,"Subordinate posture, Freeze/immobility",NB1,,,,
2/26/2019 12:51,7,Chase,9,Flee,MR,,,,
2/26/2019 12:52,10,Sniff*,8,"Freeze/immobility, Walk away",ML,,,,
2/26/2019 12:52,1,"Bite/Fighting, Chase",5,Flee,ML,,,,
2/26/2019 12:53,8,"Bite/Fighting, Chase",1,Flee,ML,,,,
2/26/2019 12:55,11,Chase,10,Freeze/immobility,ML,,,,
2/26/2019 12:55,8,Chase,1,Flee,UL,,,,
2/26/2019 12:55,8,"Bite/Fighting, Chase",9,"Flee, Subordinate posture",LL,,,,
2/26/2019 12:55,11,Chase,9,"Flee, Freeze/immobility",ML,,,,
2/26/2019 12:56,11,Chase,8,"Flee, Freeze/immobility",MR,,,,
2/26/2019 12:57,11,Chase,9,Flee,LL,,,,
2/26/2019 12:59,8,Chase,1,Flee,UL,,,,
2/26/2019 12:58,1,Sniff*,9,N/A,ML,,,,
2/26/2019 13:00,1,Lunge,1,Lunge,UL,WL,End,,
2/27/2019 12:00,1,Lunge,1,Lunge,UL,WL,Start,,
2/27/2019 12:02,11,Allogroom*,8,Sniff,NB4,,,,
2/27/2019 12:03,7,"Chase, Sniff*",1,"Flee, Freeze/immobility",ML,,,,
2/27/2019 12:03,8,"Bite/Fighting, Chase",1,Flee,ML,,,,
2/27/2019 12:04,8,"Bite/Fighting, Allogroom*",6,Freeze/immobility,ML,,,,
2/27/2019 12:05,8,"Bite/Fighting, Chase",10,Flee,UR,,,,
2/27/2019 12:06,8,Bite/Fighting,10,Freeze/immobility,ML,,,,
2/27/2019 12:07,11,Bite/Fighting,8,Subordinate posture,NB5,,,,
2/27/2019 12:07,11,Allogroom*,8,,NB5,Hard to tell if its NA or freeze,,,
2/27/2019 12:09,5,"Lunge, Bite/Fighting",3,"Freeze/immobility, Sniff",LL,,,,
2/27/2019 12:10,5,"Lunge, Chase",3,"Flee, Sniff",LL,,,,
2/27/2019 12:10,3,"Lunge, Chase",5,Flee,LL,What are they doing ,,,
2/27/2019 12:11,11,Sniff*,7,Walk away,UL,,,,
2/27/2019 12:11,12,"Chase, Sniff*",5,"Flee, Freeze/immobility",LL,,,,
2/27/2019 12:12,10,Mount,12,,ML,,,,
2/27/2019 12:14,8,"Bite/Fighting, Chase",10,Flee,UL,Note to me self- actor:recipient => initiator:responder,,,
2/27/2019 12:14,6,Sniff*,12,Walk away,MR,,,,
2/27/2019 12:14,5,Sniff*,3,Walk away,MR,,,,
2/27/2019 12:15,11,Sniff*,3,Walk away,MR,,,,
2/27/2019 12:16,11,Chase,7,Flee,LL,,,,
2/27/2019 12:21,9,Sniff*,6,N/A,UL,,,,
2/27/2019 12:23,10,"Mount, Sniff*",12,Flee,MR,,,,
2/27/2019 12:23,11,Bite/Fighting,6,"Flee, Subordinate posture",LL,,,,
2/27/2019 12:24,11,"Bite/Fighting, Chase",12,Flee,LL,,,,
2/27/2019 12:25,11,"Chase, Sniff*",6,Flee,MR,,,,
2/27/2019 12:26,3,"Chase, Sniff*",1,"Flee, Freeze/immobility",UL,,,,
2/27/2019 12:26,3,Sniff*,7,Walk away,MR,,,,
2/27/2019 12:27,11,"Chase, Sniff*",3,"Flee, Sniff",LL,,,,
2/27/2019 12:28,11,Chase,7,Flee,LL,,,,
2/27/2019 12:28,10,Mount,12,Freeze/immobility,ML,,,,
2/27/2019 12:29,10,Chase,12,Flee,ML,,,,
2/27/2019 12:30,11,"Bite/Fighting, Chase",3,Flee,LL,,,,
2/27/2019 12:32,11,"Chase, Sniff*",12,"Flee, Freeze/immobility",LL,,,,
2/27/2019 12:32,8,Chase,1,Flee,ML,,,,
2/27/2019 12:33,10,Mount,12,Freeze/immobility,ML,,,,
2/27/2019 12:34,8,Bite/Fighting,1,Flee,ML,,,,
2/27/2019 12:37,8,"Bite/Fighting, Chase",12,Flee,LL,,,,
2/27/2019 12:37,11,Allogroom*,8,Freeze/immobility,NB1,Frozen in the tube ,,,
2/27/2019 12:39,3,"Bite/Fighting, Chase",1,Flee,UR,,,,
2/27/2019 12:42,11,Chase,7,Flee,LR,,,,
2/27/2019 12:42,11,"Chase, Sniff*",10,"Flee, Freeze/immobility",MR,,,,
2/27/2019 12:43,10,"Bite/Fighting, Chase, Sniff*",5,Flee,MR,,,,
2/27/2019 12:44,8,"Bite/Fighting, Chase",9,"Flee, Subordinate posture, Sniff",LL,Sniffed after getting attacked. Why?,,,
2/27/2019 12:44,11,"Chase, Sniff*",8,Flee,LL,,,,
2/27/2019 12:45,8,"Bite/Fighting, Chase, Sniff*",10,Freeze/immobility,ML,,,,
2/27/2019 12:45,11,"Bite/Fighting, Chase",3,Flee,LR,Ouch,,,
2/27/2019 12:45,8,Bite/Fighting,10,Freeze/immobility,ML,,,,
2/27/2019 12:46,3,Sniff*,1,Freeze/immobility,ML,,,,
2/27/2019 12:47,10,Mount,12,Flee,ML,,,,
2/27/2019 12:47,8,"Bite/Fighting, Chase",10,"Flee, Subordinate posture, Freeze/immobility",ML,,,,
2/27/2019 12:50,8,"Bite/Fighting, Chase",10,Flee,ML,,,,
2/27/2019 12:52,9,"Lunge, Bite/Fighting, Chase",12,"Flee, Subordinate posture, Freeze/immobility",LL,It seemed 12 wasnt expecting this,,,
2/27/2019 12:52,9,Bite/Fighting,12,Subordinate posture,NB1,,,,
2/27/2019 12:52,11,"Bite/Fighting, Chase, Sniff*",9,"Flee, Subordinate posture, Freeze/immobility",NB1,,,,
2/27/2019 12:53,8,Bite/Fighting,10,Freeze/immobility,ML,,,,
2/27/2019 12:53,8,"Bite/Fighting, Chase",9,"Flee, Freeze/immobility",ML,,,,
2/27/2019 12:58,9,Preemptive avoidance/flee*,11,Chase,LL,,,,
2/27/2019 13:00,1,Lunge,1,Lunge,UL,WL,End,,
2/27/2019 13:00,1,Lunge,1,Lunge,UL,Tmm,Start,,
2/27/2019 13:01,11,"Chase, Sniff*",10,Flee,ML,,,,
2/27/2019 13:03,11,"Bite/Fighting, Chase",7,Flee,MR,,,,
2/27/2019 13:05,6,Sniff*,12,"Sniff, Walk away",UR,,,,
2/27/2019 13:05,11,Sniff*,6,N/A,UL,,,,
2/27/2019 13:07,10,"Bite/Fighting, Mount, Sniff*",12,Freeze/immobility,LL,,,,
2/27/2019 13:08,11,Sniff*,8,Flee,MR,,,,
2/27/2019 13:08,11,"Bite/Fighting, Chase",6,"Flee, Subordinate posture",LL,,,,
2/27/2019 13:10,8,"Bite/Fighting, Chase, Mount",10,"Flee, Freeze/immobility",MR,,,,
2/27/2019 13:12,9,"Bite/Fighting, Subordinate posture, Sniff*",12,"Bite/Fighting, Sniff",LL,,,,
2/27/2019 13:12,8,Chase,6,Flee,UR,,,,
2/27/2019 13:15,8,"Bite/Fighting, Chase",12,"Flee, Subordinate posture",LL,,,,
2/27/2019 13:16,9,Allogroom*,6,Walk away,UR,,,,
2/27/2019 13:18,8,Chase,12,"Flee, Subordinate posture",ML,,,,
2/27/2019 13:18,10,"Mount, Sniff*",12,"Freeze/immobility, Sniff",MR,,,,
2/27/2019 13:20,3,Sniff*,10,Sniff,UR,,,,
2/27/2019 13:20,12,"Bite/Fighting, Chase",5,"Flee, Subordinate posture, Freeze/immobility",NB1,,,,
2/27/2019 13:22,11,"Sniff*, Walk away",5,Freeze/immobility,NB5,,,,
2/27/2019 13:23,10,Mount,5,Freeze/immobility,ML,,,,
2/27/2019 13:24,11,Chase,8,"Flee, Freeze/immobility",LL,,,,
2/27/2019 13:26,11,Sniff*,1,Freeze/immobility,ML,,,,
2/27/2019 13:28,11,"Sniff*, Walk away",6,N/A,ML,,,,
2/27/2019 13:31,11,"Sniff*, Walk away",3,N/A,MR,,,,
2/27/2019 13:31,10,"Mount, Sniff*, Allogroom*",12,N/A,UL,,,,
2/27/2019 13:32,10,Mount,12,N/A,UL,12 is just eating lol,,,
2/27/2019 13:33,11,"Bite/Fighting, Chase",8,Flee,LR,,,,
2/27/2019 13:33,11,"Bite/Fighting, Chase",10,"Flee, Subordinate posture",LR,,,,
2/27/2019 13:35,10,Mount,12,N/A,ML,,,,
2/27/2019 13:36,8,Mount,10,Subordinate posture,ML,,,,
2/27/2019 13:36,8,Sniff*,7,Walk away,MR,,,,
2/27/2019 13:37,11,"Bite/Fighting, Chase",10,"Flee, Subordinate posture",ML,,,,
2/27/2019 13:39,6,Sniff*,7,Sniff,MR,,,,
2/27/2019 13:40,11,Sniff*,5,Walk away,UR,,,,
2/27/2019 13:41,8,"Chase, Mount",10,Flee,UR,,,,
2/27/2019 13:43,10,Mount,12,Flee,MR,,,,
2/27/2019 13:43,11,"Bite/Fighting, Chase, Mount",10,"Flee, Subordinate posture",MR,,,,
2/27/2019 13:43,11,"Bite/Fighting, Sniff*",8,Subordinate posture,ML,,,,
2/27/2019 13:46,8,Chase,6,Flee,LR,,,,
2/27/2019 13:47,10,Mount,12,Freeze/immobility,UL,,,,
2/27/2019 13:48,11,Bite/Fighting,6,Flee,LR,,,,
2/27/2019 13:49,7,"Bite/Fighting, Chase",10,Flee,UL,,,,
2/27/2019 13:50,11,"Bite/Fighting, Chase",7,"Flee, Subordinate posture",LR,,,,
2/27/2019 13:51,11,"Bite/Fighting, Chase",6,Flee,LL,,,,
2/27/2019 13:52,11,"Chase, Sniff*",5,"Flee, Freeze/immobility",LL,,,,
2/27/2019 13:53,3,"Lunge, Chase",1,Flee,MR,,,,
2/27/2019 13:54,11,"Bite/Fighting, Chase",8,Flee,LR,,,,
2/27/2019 13:54,12,"Bite/Fighting, Chase, Sniff*",5,Flee,LL,,,,
2/27/2019 13:55,8,"Bite/Fighting, Chase",7,"Flee, Subordinate posture",ML,,,,
2/27/2019 13:55,8,"Bite/Fighting, Mount",10,"Flee, Subordinate posture",ML,,,,
2/27/2019 13:56,8,"Bite/Fighting, Chase",10,"Flee, Subordinate posture",ML,,,,
2/27/2019 13:57,10,Mount,12,N/A,ML,,,,
2/27/2019 13:57,8,"Bite/Fighting, Chase",10,"Flee, Subordinate posture",UL,,,,
2/27/2019 13:58,6,"Sniff*, Walk away",3,Sniff,MR,,,,
2/27/2019 13:59,11,"Sniff*, Allogroom*",6,Freeze/immobility,UL,,,,
2/27/2019 14:00,1,Lunge,1,Lunge,UL,Tmm,End,,
2/27/2019 16:07,1,Lunge,1,Lunge,UL,MD,Start,,
2/27/2019 16:07,11,"Bite/Fighting, Chase",8,Flee,NB4,,,,
2/27/2019 16:08,8,Sniff*,7,N/A,MR,,,,
2/27/2019 16:08,10,Mount,12,"Subordinate posture, Freeze/immobility",LL,,,,
2/27/2019 16:12,8,"Chase, Mount",10,Flee,ML,,,,
2/27/2019 16:12,7,Sniff*,10,N/A,ML,,,,
2/27/2019 16:13,11,Sniff*,7,N/A,MR,,,,
2/27/2019 16:16,11,Sniff*,7,Walk away,UL,,,,
2/27/2019 16:19,7,Sniff*,10,Walk away,MR,,,,
2/27/2019 16:20,6,Sniff*,5,Sniff,MR,,,,
2/27/2019 16:21,5,Sniff*,7,N/A,ML,,,,
2/27/2019 16:22,11,Chase,7,"Flee, Subordinate posture",LL,,,,
2/27/2019 16:23,6,Sniff*,5,Walk away,UL,,,,
2/27/2019 16:25,11,Sniff*,6,N/A,UL,,,,
2/27/2019 16:25,11,Sniff*,10,Walk away,UL,,,,
2/27/2019 16:27,11,Sniff*,6,N/A,UL,A lot of feeding and self grooming happening,,,
2/27/2019 16:28,10,"Sniff*, Walk away",7,Sniff,ML,,,,
2/27/2019 16:30,11,Sniff*,7,Sniff,ML,,,,
2/27/2019 16:34,5,"Sniff*, Walk away",10,Sniff,MR,,,,
2/27/2019 16:35,5,Sniff*,10,"Sniff, Walk away",MR,,,,
2/27/2019 16:36,6,Sniff*,7,Walk away,MR,,,,
2/27/2019 16:38,10,Sniff*,12,N/A,MR,,,,
2/27/2019 16:39,11,Sniff*,10,N/A,ML,,,,
2/27/2019 16:40,6,Sniff*,5,Sniff,MR,,,,
2/27/2019 16:40,7,Sniff*,10,N/A,MR,,,,
2/27/2019 16:40,11,"Chase, Sniff*",1,Flee,UL,,,,
2/27/2019 16:40,11,"Chase, Sniff*",10,Flee,ML,,,,
2/27/2019 16:41,3,Sniff*,5,N/A,NB1,,,,
2/27/2019 16:41,7,"Chase, Sniff*",10,Flee,LL,,,,
2/27/2019 16:42,7,"Chase, Sniff*",5,Flee,LL,,,,
2/27/2019 16:43,11,Sniff*,7,Walk away,MR,,,,
2/27/2019 16:44,11,Sniff*,7,N/A,ML,,,,
2/27/2019 16:45,11,Sniff*,5,N/A,LL,,,,
2/27/2019 16:45,11,Chase,7,Flee,LR,,,,
2/27/2019 16:47,6,Sniff*,5,Walk away,MR,,,,
2/27/2019 16:47,11,Sniff*,5,Walk away,LL,,,,
2/27/2019 16:48,11,"Chase, Sniff*",6,Flee,MR,,,,
2/27/2019 16:48,11,"Chase, Sniff*",5,Flee,LL,,,,
2/27/2019 16:51,10,Sniff*,9,N/A,ML,,,,
2/27/2019 16:54,10,"Chase, Mount",12,"Flee, Freeze/immobility",UL,,,,
2/27/2019 16:54,10,"Bite/Fighting, Mount",12,Flee,UR,,,,
2/27/2019 16:55,10,Bite/Fighting,12,"Flee, Subordinate posture",ML,,,,
2/27/2019 16:56,11,Chase,7,Flee,ML,,,,
2/27/2019 16:56,10,"Chase, Mount",12,Flee,ML,,,,
2/27/2019 16:58,10,"Chase, Mount",12,Flee,UL,12 always flees to dome shelter in ML,,,
2/27/2019 17:00,11,"Chase, Sniff*",3,Flee,MR,,,,
2/27/2019 17:00,10,"Chase, Mount",12,Flee,ML,,,,
2/27/2019 17:00,8,Sniff*,10,N/A,ML,,,,
2/27/2019 17:01,11,"Bite/Fighting, Chase",3,Flee,LL,,,,
2/27/2019 17:01,5,Sniff*,10,N/A,MR,,,,
2/27/2019 17:03,11,Sniff*,8,N/A,UR,,,,
2/27/2019 17:03,10,"Chase, Mount",12,Flee,UR,,,,
2/27/2019 17:04,10,Mount,12,"Flee, Freeze/immobility",ML,,,,
2/27/2019 17:05,10,"Chase, Mount",12,"Flee, Freeze/immobility",MR,,,,
2/27/2019 17:05,11,"Chase, Sniff*",10,Flee,LR,,,,
2/27/2019 17:05,1,Lunge,1,Lunge,UL,MD,End,,
